Line,Severity,Rule,Message
422,MAJOR,java:S6355,"Add 'since' and/or 'forRemoval' arguments to the @Deprecated annotation."
446,MAJOR,java:S6355,"Add 'since' and/or 'forRemoval' arguments to the @Deprecated annotation."
462,MAJOR,java:S6355,"Add 'since' and/or 'forRemoval' arguments to the @Deprecated annotation."
474,MAJOR,java:S6355,"Add 'since' and/or 'forRemoval' arguments to the @Deprecated annotation."
1035,MAJOR,java:S6355,"Add 'since' and/or 'forRemoval' arguments to the @Deprecated annotation."
1057,MAJOR,java:S6355,"Add 'since' and/or 'forRemoval' arguments to the @Deprecated annotation."
1150,MAJOR,java:S6355,"Add 'since' and/or 'forRemoval' arguments to the @Deprecated annotation."
1200,MAJOR,java:S6355,"Add 'since' and/or 'forRemoval' arguments to the @Deprecated annotation."
1240,MAJOR,java:S6355,"Add 'since' and/or 'forRemoval' arguments to the @Deprecated annotation."
1318,MAJOR,java:S6355,"Add 'since' and/or 'forRemoval' arguments to the @Deprecated annotation."
1363,MAJOR,java:S6355,"Add 'since' and/or 'forRemoval' arguments to the @Deprecated annotation."
179,CRITICAL,java:S1192,"Define a constant instead of duplicating this literal 'fields' 3 times."
179,CRITICAL,java:S1192,"Define a constant instead of duplicating this literal 'namespace' 4 times."
183,CRITICAL,java:S1192,"Define a constant instead of duplicating this literal 'default' 6 times."
447,INFO,java:S1133,"Do not forget to remove this deprecated code someday."
447,MAJOR,java:S1123,"Add the missing @deprecated Javadoc tag."
463,INFO,java:S1133,"Do not forget to remove this deprecated code someday."
463,MAJOR,java:S1123,"Add the missing @deprecated Javadoc tag."
475,INFO,java:S1133,"Do not forget to remove this deprecated code someday."
475,MAJOR,java:S1123,"Add the missing @deprecated Javadoc tag."
507,CRITICAL,java:S1192,"Define a constant instead of duplicating this literal 'order' 3 times."
867,MAJOR,java:S1066,"Merge this if statement with the enclosing one."
1036,INFO,java:S1133,"Do not forget to remove this deprecated code someday."
1036,MAJOR,java:S1123,"Add the missing @deprecated Javadoc tag."
1058,INFO,java:S1133,"Do not forget to remove this deprecated code someday."
1058,MAJOR,java:S1123,"Add the missing @deprecated Javadoc tag."
1151,INFO,java:S1133,"Do not forget to remove this deprecated code someday."
1151,MAJOR,java:S1123,"Add the missing @deprecated Javadoc tag."
1201,INFO,java:S1133,"Do not forget to remove this deprecated code someday."
1201,MAJOR,java:S1123,"Add the missing @deprecated Javadoc tag."
1241,INFO,java:S1133,"Do not forget to remove this deprecated code someday."
1241,MAJOR,java:S1123,"Add the missing @deprecated Javadoc tag."
1319,INFO,java:S1133,"Do not forget to remove this deprecated code someday."
1319,MAJOR,java:S1123,"Add the missing @deprecated Javadoc tag."
1364,INFO,java:S1133,"Do not forget to remove this deprecated code someday."
1364,MAJOR,java:S1123,"Add the missing @deprecated Javadoc tag."
1705,MAJOR,java:S6355,"Add 'since' and/or 'forRemoval' arguments to the @Deprecated annotation."
1713,MAJOR,java:S6355,"Add 'since' and/or 'forRemoval' arguments to the @Deprecated annotation."
1714,INFO,java:S1133,"Do not forget to remove this deprecated code someday."
1714,MAJOR,java:S1123,"Add the missing @deprecated Javadoc tag."
1731,MAJOR,java:S6355,"Add 'since' and/or 'forRemoval' arguments to the @Deprecated annotation."
1732,INFO,java:S1133,"Do not forget to remove this deprecated code someday."
1732,MAJOR,java:S1123,"Add the missing @deprecated Javadoc tag."
1739,MAJOR,java:S6355,"Add 'since' and/or 'forRemoval' arguments to the @Deprecated annotation."
1740,INFO,java:S1133,"Do not forget to remove this deprecated code someday."
1740,MAJOR,java:S1123,"Add the missing @deprecated Javadoc tag."
1706,INFO,java:S1133,"Do not forget to remove this deprecated code someday."
1706,MAJOR,java:S1123,"Add the missing @deprecated Javadoc tag."
1457,MAJOR,java:S6355,"Add 'since' and/or 'forRemoval' arguments to the @Deprecated annotation."
1458,INFO,java:S1133,"Do not forget to remove this deprecated code someday."
1754,CRITICAL,java:S3776,"Refactor this method to reduce its Cognitive Complexity from 28 to the 15 allowed."
435,MAJOR,java:S6355,"Add 'since' and/or 'forRemoval' arguments to the @Deprecated annotation."
436,INFO,java:S1133,"Do not forget to remove this deprecated code someday."
436,MAJOR,java:S1123,"Add the missing @deprecated Javadoc tag."
217,MAJOR,java:S6355,"Add 'since' and/or 'forRemoval' arguments to the @Deprecated annotation."
179,CRITICAL,java:S1192,"Define a constant instead of duplicating this literal 'aliases' 5 times."
179,CRITICAL,java:S1192,"Define a constant instead of duplicating this literal 'items' 3 times."
179,CRITICAL,java:S1192,"Define a constant instead of duplicating this literal 'values' 3 times."
179,CRITICAL,java:S1192,"Define a constant instead of duplicating this literal 'symbols' 3 times."
486,MINOR,java:S1940,"Use the opposite operator ('!=') instead."
1720,MINOR,java:S3398,"Move this method into 'Field'."
2088,CRITICAL,java:S3776,"Refactor this method to reduce its Cognitive Complexity from 19 to the 15 allowed."
2144,CRITICAL,java:S3776,"Refactor this method to reduce its Cognitive Complexity from 26 to the 15 allowed."
2183,MAJOR,java:S6213,"Rename this variable to not match a restricted identifier."
1583,MAJOR,java:S6355,"Add 'since' and/or 'forRemoval' arguments to the @Deprecated annotation."
1598,MAJOR,java:S6355,"Add 'since' and/or 'forRemoval' arguments to the @Deprecated annotation."
1608,MAJOR,java:S6355,"Add 'since' and/or 'forRemoval' arguments to the @Deprecated annotation."
1619,MAJOR,java:S6355,"Add 'since' and/or 'forRemoval' arguments to the @Deprecated annotation."
147,CRITICAL,java:S1948,"Make non-static 'logicalType' transient or serializable."
1157,MAJOR,java:S2388,"Prefix this call to 'getDoc' with 'super.'."
1158,MAJOR,java:S2388,"Prefix this call to 'getDoc' with 'super.'."
1370,MAJOR,java:S2388,"Prefix this call to 'getDoc' with 'super.'."
1371,MAJOR,java:S2388,"Prefix this call to 'getDoc' with 'super.'."
806,CRITICAL,java:S1948,"Make non-static 'name' transient or serializable."
808,CRITICAL,java:S1948,"Make non-static 'aliases' transient or serializable."
2014,MAJOR,java:S1168,"Return an empty collection instead of null."
2152,CRITICAL,java:S131,"Complete cases by adding the missing enum constants or add a default case to this switch."
2157,MAJOR,java:S6213,"Rename this variable to not match a restricted identifier."
218,INFO,java:S1133,"Do not forget to remove this deprecated code someday."
929,CRITICAL,java:S1948,"Make non-static 'fields' transient or serializable."
930,CRITICAL,java:S1948,"Make non-static 'fieldMap' transient or serializable."
2210,MINOR,java:S2160,"Override the 'equals' method in this class."
1637,MINOR,java:S2160,"Override the 'equals' method in this class."
723,MAJOR,java:S1700,"Rename field 'name'"
805,MINOR,java:S1124,"Reorder the modifiers to comply with the Java Language Specification."
805,MINOR,java:S2160,"Override the 'equals' method in this class."
