GROUP,PACKAGE,CLASS,INSTRUCTION_MISSED,INSTRUCTION_COVERED,BRANCH_MISSED,BRANCH_COVERED,LINE_MISSED,LINE_COVERED,COMPLEXITY_MISSED,COMPLEXITY_COVERED,METHOD_MISSED,METHOD_COVERED
Apache Avro,org.apache.avro.data,TimeConversions.LocalTimestampNanosConversion,39,0,0,0,9,0,6,0,6,0
Apache Avro,org.apache.avro.data,Json.ObjectWriter,19,0,2,0,6,0,4,0,3,0
Apache Avro,org.apache.avro.data,RecordBuilderBase,195,0,28,0,49,0,25,0,11,0
Apache Avro,org.apache.avro.data,TimeConversions.DateConversion,24,0,0,0,7,0,6,0,6,0
Apache Avro,org.apache.avro.data,TimeConversions.LocalTimestampMicrosConversion,39,0,0,0,9,0,6,0,6,0
Apache Avro,org.apache.avro.data,TimeConversions.TimestampNanosConversion,68,0,4,0,16,0,9,0,7,0
Apache Avro,org.apache.avro.data,TimeConversions.LocalTimestampMillisConversion,39,0,0,0,9,0,6,0,6,0
Apache Avro,org.apache.avro.data,TimeConversions.TimeMillisConversion,30,0,0,0,7,0,7,0,7,0
Apache Avro,org.apache.avro.data,Json.JsonType,45,0,0,0,2,0,1,0,1,0
Apache Avro,org.apache.avro.data,TimeConversions.TimestampMicrosConversion,74,0,4,0,16,0,9,0,7,0
Apache Avro,org.apache.avro.data,TimeConversions.TimestampMillisConversion,24,0,0,0,7,0,7,0,7,0
Apache Avro,org.apache.avro.data,Json,304,0,31,0,76,0,29,0,7,0
Apache Avro,org.apache.avro.data,TimeConversions.TimeMicrosConversion,28,0,0,0,7,0,7,0,7,0
Apache Avro,org.apache.avro.data,Json.ObjectReader,45,0,6,0,11,0,6,0,3,0
Apache Avro,org.apache.avro.data,TimeConversions,3,0,0,0,1,0,1,0,1,0
Apache Avro,org.apache.avro.generic,GenericArray,4,0,0,0,3,0,2,0,2,0
Apache Avro,org.apache.avro.generic,GenericRecordBuilder,290,0,22,0,59,0,31,0,20,0
Apache Avro,org.apache.avro.generic,PrimitivesArrays.FloatArray,232,0,22,0,50,0,25,0,14,0
Apache Avro,org.apache.avro.generic,PrimitivesArrays.PrimitiveArray,4,0,0,0,2,0,1,0,1,0
Apache Avro,org.apache.avro.generic,GenericData.HashCodeCalculator,149,0,23,0,30,0,18,0,4,0
Apache Avro,org.apache.avro.generic,PrimitivesArrays,46,0,8,0,9,0,8,0,2,0
Apache Avro,org.apache.avro.generic,GenericDatumReader.IdentitySchemaKey,33,0,6,0,9,0,6,0,3,0
Apache Avro,org.apache.avro.generic,GenericData.Array,233,0,20,0,46,0,21,0,11,0
Apache Avro,org.apache.avro.generic,GenericData,2308,0,390,0,526,0,288,0,68,0
Apache Avro,org.apache.avro.generic,GenericData.AbstractArray.new Iterator() {...},34,0,2,0,5,0,5,0,4,0
Apache Avro,org.apache.avro.generic,PrimitivesArrays.DoubleArray,232,0,22,0,50,0,25,0,14,0
Apache Avro,org.apache.avro.generic,PrimitivesArrays.LongArray,233,0,22,0,50,0,25,0,14,0
Apache Avro,org.apache.avro.generic,GenericData.Record,182,0,20,0,38,0,21,0,11,0
Apache Avro,org.apache.avro.generic,GenericData.StringType,21,0,0,0,2,0,1,0,1,0
Apache Avro,org.apache.avro.generic,GenericData.Fixed,78,0,6,0,22,0,14,0,11,0
Apache Avro,org.apache.avro.generic,GenericDatumReader,1093,0,131,0,247,0,132,0,51,0
Apache Avro,org.apache.avro.generic,PrimitivesArrays.BooleanArray,599,0,52,0,85,0,42,0,16,0
Apache Avro,org.apache.avro.generic,GenericData.AbstractArray,83,0,10,0,23,0,14,0,9,0
Apache Avro,org.apache.avro.generic,GenericRecord,9,0,2,0,1,0,2,0,1,0
Apache Avro,org.apache.avro.generic,PrimitivesArrays.IntArray,233,0,22,0,50,0,25,0,14,0
Apache Avro,org.apache.avro.generic,GenericDatumReader.ReaderCache,85,0,0,0,18,0,6,0,6,0
Apache Avro,org.apache.avro.generic,GenericDatumWriter,631,0,45,0,172,0,57,0,28,0
Apache Avro,org.apache.avro.generic,GenericData.EnumSymbol,50,0,6,0,13,0,10,0,7,0
Apache Avro,org.apache.avro,Resolver.Skip,7,0,0,0,2,0,1,0,1,0
Apache Avro,org.apache.avro,JsonProperties.new Accessor.JsonPropertiesAccessor() {...},5,3,0,0,2,1,1,1,1,1
Apache Avro,org.apache.avro,Resolver.EnumAdjust,151,0,22,0,25,0,13,0,2,0
Apache Avro,org.apache.avro,JsonProperties.new ConcurrentHashMap() {...},5,35,1,1,1,7,2,3,1,3
Apache Avro,org.apache.avro,SchemaBuilder.IntDefault,11,0,0,0,4,0,3,0,3,0
Apache Avro,org.apache.avro,JsonSchemaFormatter,11,0,0,0,4,0,2,0,2,0
Apache Avro,org.apache.avro,Conversions.UUIDConversion,55,0,0,0,14,0,8,0,8,0
Apache Avro,org.apache.avro,SchemaParser,214,0,12,0,46,0,22,0,16,0
Apache Avro,org.apache.avro,SchemaValidationException,21,0,0,0,5,0,3,0,3,0
Apache Avro,org.apache.avro,JsonProperties,213,104,25,9,36,24,24,12,8,11
Apache Avro,org.apache.avro,Conversion,182,0,0,0,27,0,27,0,27,0
Apache Avro,org.apache.avro,Protocol.Message,164,0,14,0,46,0,20,0,13,0
Apache Avro,org.apache.avro,Schema.NamedSchema,79,101,14,10,16,25,11,14,3,10
Apache Avro,org.apache.avro,SchemaCompatibility.SchemaIncompatibilityType,39,0,0,0,3,0,1,0,1,0
Apache Avro,org.apache.avro,SchemaBuilder.BytesBuilder,17,0,0,0,5,0,4,0,4,0
Apache Avro,org.apache.avro,AvroRemoteException,40,0,4,0,12,0,7,0,5,0
Apache Avro,org.apache.avro,UnresolvedUnionException,44,0,2,0,12,0,6,0,5,0
Apache Avro,org.apache.avro,Schema.Type,0,101,0,0,0,6,0,3,0,3
Apache Avro,org.apache.avro,SchemaBuilder.BooleanDefault,11,0,0,0,4,0,3,0,3,0
Apache Avro,org.apache.avro,SchemaBuilder.MapDefault,10,0,0,0,4,0,3,0,3,0
Apache Avro,org.apache.avro,Resolver.RecordAdjust,222,0,22,0,47,0,14,0,3,0
Apache Avro,org.apache.avro,ValidateCanBeRead,7,0,0,0,3,0,2,0,2,0
Apache Avro,org.apache.avro,Schema.IntSchema,0,4,0,0,0,2,0,1,0,1
Apache Avro,org.apache.avro,JsonProperties.2.new AbstractSet() {...},5,11,0,0,1,2,1,2,1,2
Apache Avro,org.apache.avro,Schema.EnumSchema,104,98,20,10,24,19,13,10,3,5
Apache Avro,org.apache.avro,Schema.Field,39,224,18,18,10,47,17,22,1,20
Apache Avro,org.apache.avro,SchemaBuilder.NameContext,201,0,18,0,46,0,17,0,8,0
Apache Avro,org.apache.avro,SchemaFormatterFactory,29,0,2,0,6,0,3,0,2,0
Apache Avro,org.apache.avro,InvalidAvroMagicException,4,0,0,0,2,0,1,0,1,0
Apache Avro,org.apache.avro,Schema.Parser,129,121,8,6,26,32,13,8,7,7
Apache Avro,org.apache.avro,SchemaBuilder.FieldAssembler,211,0,0,0,32,0,25,0,25,0
Apache Avro,org.apache.avro,Resolver.Container,10,0,0,0,3,0,1,0,1,0
Apache Avro,org.apache.avro,SchemaCompatibility.SchemaCompatibilityResult,165,0,20,0,40,0,21,0,11,0
Apache Avro,org.apache.avro,ValidateLatest,22,0,2,0,8,0,3,0,2,0
Apache Avro,org.apache.avro,SchemaCompatibility.SchemaPairCompatibility,116,0,10,0,18,0,14,0,9,0
Apache Avro,org.apache.avro,SchemaBuilder.FloatDefault,11,0,0,0,4,0,3,0,3,0
Apache Avro,org.apache.avro,SchemaBuilder.MapCompletion,8,0,0,0,3,0,2,0,2,0
Apache Avro,org.apache.avro,SchemaParseException,4,4,0,0,2,2,1,1,1,1
Apache Avro,org.apache.avro,Schema.Name,96,71,24,8,20,17,18,5,3,4
Apache Avro,org.apache.avro,SchemaBuilder.SchemaCompletion,2,0,0,0,1,0,1,0,1,0
Apache Avro,org.apache.avro,SchemaBuilder.StringBldr,17,0,0,0,5,0,4,0,4,0
Apache Avro,org.apache.avro,LogicalTypes.LocalTimestampNanos,13,4,2,0,4,2,2,1,1,1
Apache Avro,org.apache.avro,AvroTypeException,0,9,0,0,0,4,0,2,0,2
Apache Avro,org.apache.avro,UnknownAvroCodecException,4,0,0,0,2,0,1,0,1,0
Apache Avro,org.apache.avro,Resolver.DoNothing,7,0,0,0,2,0,1,0,1,0
Apache Avro,org.apache.avro,SystemLimitException,218,71,29,5,43,26,22,6,5,6
Apache Avro,org.apache.avro,ValidateAll,23,0,2,0,7,0,3,0,2,0
Apache Avro,org.apache.avro,JsonProperties.2.1.new Iterator() {...},5,17,0,0,1,3,1,2,1,2
Apache Avro,org.apache.avro,SchemaBuilder.BytesDefault,19,0,0,0,6,0,5,0,5,0
Apache Avro,org.apache.avro,Schema.BooleanSchema,0,4,0,0,0,2,0,1,0,1
Apache Avro,org.apache.avro,LogicalTypes,174,75,24,2,70,19,38,3,19,3
Apache Avro,org.apache.avro,ParseContext,102,323,23,21,18,73,24,19,6,15
Apache Avro,org.apache.avro,SchemaBuilder.ArrayBuilder,38,0,0,0,8,0,5,0,5,0
Apache Avro,org.apache.avro,SchemaValidatorBuilder,55,0,2,0,16,0,9,0,8,0
Apache Avro,org.apache.avro,SchemaBuilder.TypeBuilder,11,0,0,0,4,0,3,0,3,0
Apache Avro,org.apache.avro,SchemaBuilder.IntBuilder,17,0,0,0,5,0,4,0,4,0
Apache Avro,org.apache.avro,SchemaFormatter,61,0,10,0,11,0,7,0,2,0
Apache Avro,org.apache.avro,Schema.ArraySchema,59,10,10,0,14,4,8,2,3,2
Apache Avro,org.apache.avro,Protocol,1147,0,118,0,241,0,102,0,43,0
Apache Avro,org.apache.avro,Resolver.Action.Type,57,0,0,0,2,0,1,0,1,0
Apache Avro,org.apache.avro,Schema.LockableArrayList,48,45,0,2,17,15,8,7,8,6
Apache Avro,org.apache.avro,LogicalTypes.TimeMicros,13,4,2,0,4,2,2,1,1,1
Apache Avro,org.apache.avro,SchemaBuilder.EnumBuilder,45,0,0,0,10,0,5,0,5,0
Apache Avro,org.apache.avro,LogicalTypes.LogicalTypeFactory,5,0,0,0,1,0,1,0,1,0
Apache Avro,org.apache.avro,SchemaBuilder,126,0,4,0,29,0,13,0,11,0
Apache Avro,org.apache.avro,Protocol.TwoWayMessage,120,0,10,0,28,0,13,0,8,0
Apache Avro,org.apache.avro,SchemaBuilder.LongDefault,11,0,0,0,4,0,3,0,3,0
Apache Avro,org.apache.avro,SchemaBuilder.NullBuilder,17,0,0,0,5,0,4,0,4,0
Apache Avro,org.apache.avro,SchemaBuilder.FieldDefault,25,0,0,0,7,0,4,0,4,0
Apache Avro,org.apache.avro,Schema.StringSchema,0,4,0,0,0,2,0,1,0,1
Apache Avro,org.apache.avro,LogicalTypes.TimestampMicros,13,4,2,0,4,2,2,1,1,1
Apache Avro,org.apache.avro,SchemaBuilder.BaseFieldTypeBuilder,209,0,2,0,29,0,24,0,23,0
Apache Avro,org.apache.avro,SchemaBuilder.ArrayCompletion,8,0,0,0,3,0,2,0,2,0
Apache Avro,org.apache.avro,SchemaBuilder.FloatBuilder,17,0,0,0,5,0,4,0,4,0
Apache Avro,org.apache.avro,Schema,952,1097,152,96,197,221,145,84,39,54
Apache Avro,org.apache.avro,SchemaBuilder.MapBuilder,38,0,0,0,8,0,5,0,5,0
Apache Avro,org.apache.avro,ValidateMutualRead,36,0,2,0,11,0,4,0,3,0
Apache Avro,org.apache.avro,Schema.LongSchema,0,4,0,0,0,2,0,1,0,1
Apache Avro,org.apache.avro,LogicalTypes.TimestampMillis,13,4,2,0,4,2,2,1,1,1
Apache Avro,org.apache.avro,SchemaCompatibility.ReaderWriterCompatibilityChecker,692,0,81,0,128,0,60,0,10,0
Apache Avro,org.apache.avro,Schema.MapSchema,59,10,10,0,14,4,8,2,3,2
Apache Avro,org.apache.avro,Resolver,342,0,57,0,61,0,39,0,5,0
Apache Avro,org.apache.avro,SchemaBuilder.GenericDefault,22,0,0,0,6,0,3,0,3,0
Apache Avro,org.apache.avro,LogicalTypes.TimeMillis,13,4,2,0,4,2,2,1,1,1
Apache Avro,org.apache.avro,SchemaBuilder.UnionBuilder,22,0,0,0,5,0,3,0,3,0
Apache Avro,org.apache.avro,AvroMissingFieldException,48,0,2,0,11,0,4,0,3,0
Apache Avro,org.apache.avro,SchemaBuilderException,8,0,0,0,4,0,2,0,2,0
Apache Avro,org.apache.avro,SchemaBuilder.PropBuilder,67,0,8,0,15,0,10,0,6,0
Apache Avro,org.apache.avro,SchemaBuilder.FixedDefault,19,0,0,0,6,0,5,0,5,0
Apache Avro,org.apache.avro,SchemaBuilder.PrimitiveBuilder,32,0,2,0,9,0,3,0,2,0
Apache Avro,org.apache.avro,SchemaBuilder.RecordBuilder,40,0,0,0,7,0,4,0,4,0
Apache Avro,org.apache.avro,NameValidator.Result,4,12,1,1,1,4,2,2,1,2
Apache Avro,org.apache.avro,SchemaBuilder.NullableCompletion,24,0,0,0,5,0,2,0,2,0
Apache Avro,org.apache.avro,SchemaBuilder.DoubleBuilder,17,0,0,0,5,0,4,0,4,0
Apache Avro,org.apache.avro,SchemaBuilder.EnumDefault,10,0,0,0,4,0,3,0,3,0
Apache Avro,org.apache.avro,Schema.Field.Order,0,32,0,0,0,5,0,2,0,2
Apache Avro,org.apache.avro,Schema.FixedSchema,79,16,16,0,19,5,11,2,3,2
Apache Avro,org.apache.avro,Schema.SerializableSchema,9,0,0,0,1,0,1,0,1,0
Apache Avro,org.apache.avro,AvroRuntimeException,4,9,0,0,2,4,1,2,1,2
Apache Avro,org.apache.avro,SchemaBuilder.UnionFieldTypeBuilder,204,0,0,0,26,0,23,0,23,0
Apache Avro,org.apache.avro,ParseContext.new SchemaParser.ParseResult() {...},34,0,2,0,3,0,4,0,3,0
Apache Avro,org.apache.avro,SchemaBuilder.NullableCompletionWrapper,5,0,0,0,1,0,1,0,1,0
Apache Avro,org.apache.avro,SchemaNormalization,329,0,30,0,64,0,22,0,6,0
Apache Avro,org.apache.avro,InvalidNumberEncodingException,4,0,0,0,2,0,1,0,1,0
Apache Avro,org.apache.avro,SchemaBuilder.NestedCompletion,23,0,0,0,7,0,2,0,2,0
Apache Avro,org.apache.avro,LogicalType,43,27,4,0,9,4,5,2,3,2
Apache Avro,org.apache.avro,Schema.SeenPair,21,17,6,0,3,5,4,2,1,2
Apache Avro,org.apache.avro,SchemaBuilder.DoubleDefault,11,0,0,0,4,0,3,0,3,0
Apache Avro,org.apache.avro,LogicalTypes.Date,13,4,2,0,4,2,2,1,1,1
Apache Avro,org.apache.avro,Resolver.Action,31,0,2,0,10,0,2,0,1,0
Apache Avro,org.apache.avro,SchemaBuilder.NamespacedBuilder,43,0,2,0,13,0,6,0,5,0
Apache Avro,org.apache.avro,NameValidator.new NameValidator() {...},0,3,0,0,0,1,0,1,0,1
Apache Avro,org.apache.avro,NameValidator.new NameValidator() {...},25,36,6,8,4,10,5,4,0,2
Apache Avro,org.apache.avro,NameValidator.new NameValidator() {...},90,3,28,0,15,1,17,1,3,1
Apache Avro,org.apache.avro,SchemaBuilder.FixedBuilder,33,0,0,0,7,0,4,0,4,0
Apache Avro,org.apache.avro,Conversions.BigDecimalConversion,89,0,4,0,25,0,8,0,6,0
Apache Avro,org.apache.avro,SchemaBuilder.NullDefault,10,0,0,0,4,0,3,0,3,0
Apache Avro,org.apache.avro,SchemaBuilder.LongBuilder,17,0,0,0,5,0,4,0,4,0
Apache Avro,org.apache.avro,LogicalTypes.BigDecimal,13,4,2,0,4,2,2,1,1,1
Apache Avro,org.apache.avro,LogicalTypes.Uuid,30,4,8,0,6,2,5,1,1,1
Apache Avro,org.apache.avro,Schema.FloatSchema,0,4,0,0,0,2,0,1,0,1
Apache Avro,org.apache.avro,Resolver.ReaderUnion,232,0,54,0,57,0,33,0,4,0
Apache Avro,org.apache.avro,SchemaBuilder.OptionalCompletion,25,0,0,0,5,0,2,0,2,0
Apache Avro,org.apache.avro,LogicalTypes.Decimal,243,0,34,0,54,0,28,0,11,0
Apache Avro,org.apache.avro,SchemaBuilder.UnionAccumulator,31,0,0,0,8,0,3,0,3,0
Apache Avro,org.apache.avro,SchemaBuilder.NamedBuilder,87,0,8,0,19,0,12,0,8,0
Apache Avro,org.apache.avro,SchemaCompatibility,151,0,16,0,31,0,15,0,6,0
Apache Avro,org.apache.avro,SchemaBuilder.FieldBuilder,117,0,2,0,28,0,15,0,14,0
Apache Avro,org.apache.avro,LogicalTypes.LocalTimestampMicros,13,4,2,0,4,2,2,1,1,1
Apache Avro,org.apache.avro,ValidateCanRead,7,0,0,0,3,0,2,0,2,0
Apache Avro,org.apache.avro,SchemaCompatibility.SchemaCompatibilityType,21,0,0,0,3,0,1,0,1,0
Apache Avro,org.apache.avro,SchemaNormalization.FP64,38,0,4,0,8,0,3,0,1,0
Apache Avro,org.apache.avro,LogicalTypes.LocalTimestampMillis,13,4,2,0,4,2,2,1,1,1
Apache Avro,org.apache.avro,Schema.UnionSchema,75,109,13,9,13,22,10,11,3,7
Apache Avro,org.apache.avro,SchemaBuilder.ArrayDefault,10,0,0,0,4,0,3,0,3,0
Apache Avro,org.apache.avro,SchemaBuilder.BaseTypeBuilder,157,0,0,0,30,0,27,0,27,0
Apache Avro,org.apache.avro,CanonicalSchemaFormatterFactory,8,0,0,0,3,0,3,0,3,0
Apache Avro,org.apache.avro,SchemaFormatterFactoryConstants,10,0,0,0,3,0,2,0,2,0
Apache Avro,org.apache.avro,Resolver.ErrorAction.ErrorType,33,0,0,0,6,0,1,0,1,0
Apache Avro,org.apache.avro,LogicalTypes.Duration,17,4,4,0,4,2,3,1,1,1
Apache Avro,org.apache.avro,NameValidator,2,18,0,0,1,4,1,1,1,1
Apache Avro,org.apache.avro,Schema.DoubleSchema,0,4,0,0,0,2,0,1,0,1
Apache Avro,org.apache.avro,JsonSchemaParser,79,0,4,0,17,0,6,0,4,0
Apache Avro,org.apache.avro,SchemaBuilder.StringDefault,10,0,0,0,4,0,3,0,3,0
Apache Avro,org.apache.avro,Schema.RecordSchema,169,230,32,22,46,53,23,15,2,9
Apache Avro,org.apache.avro,Schema.Field.new Accessor.FieldAccessor() {...},23,3,0,0,3,1,3,1,3,1
Apache Avro,org.apache.avro,SchemaCompatibility.ReaderWriter,54,0,6,0,10,0,7,0,4,0
Apache Avro,org.apache.avro,Schema.BytesSchema,0,4,0,0,0,2,0,1,0,1
Apache Avro,org.apache.avro,LogicalTypes.TimestampNanos,13,4,2,0,4,2,2,1,1,1
Apache Avro,org.apache.avro,Conversions.DecimalConversion,160,0,8,0,37,0,13,0,9,0
Apache Avro,org.apache.avro,Resolver.Promote,78,0,17,0,21,0,13,0,3,0
Apache Avro,org.apache.avro,SchemaBuilder.FieldTypeBuilder,31,0,0,0,5,0,4,0,4,0
Apache Avro,org.apache.avro,SchemaFormatterCache,7,0,0,0,2,0,2,0,2,0
Apache Avro,org.apache.avro,SchemaBuilder.RecordDefault,10,0,0,0,4,0,3,0,3,0
Apache Avro,org.apache.avro,SchemaBuilder.UnionCompletion,31,0,0,0,8,0,2,0,2,0
Apache Avro,org.apache.avro,SchemaBuilder.BooleanBuilder,17,0,0,0,5,0,4,0,4,0
Apache Avro,org.apache.avro,Resolver.WriterUnion,70,0,6,0,12,0,5,0,2,0
Apache Avro,org.apache.avro,Conversions,294,0,42,0,46,0,35,0,3,0
Apache Avro,org.apache.avro,SchemaCompatibility.Incompatibility,267,0,44,0,57,0,31,0,9,0
Apache Avro,org.apache.avro,Schema.NullSchema,0,4,0,0,0,2,0,1,0,1
Apache Avro,org.apache.avro,Resolver.ErrorAction,65,0,9,0,13,0,7,0,2,0
Apache Avro,org.apache.avro,JsonSchemaFormatterFactory,31,0,4,0,7,0,5,0,3,0
Apache Avro,org.apache.avro,Schema.Names,94,0,10,0,24,0,13,0,8,0
Apache Avro,org.apache.avro,Conversions.DurationConversion,72,0,0,0,15,0,6,0,6,0
Apache Avro,org.apache.avro.message,MessageDecoder.BaseDecoder,52,0,0,0,14,0,7,0,7,0
Apache Avro,org.apache.avro.message,BinaryMessageEncoder,40,0,0,0,9,0,5,0,5,0
Apache Avro,org.apache.avro.message,RawMessageEncoder,62,0,2,0,19,0,6,0,5,0
Apache Avro,org.apache.avro.message,RawMessageEncoder.BufferOutputStream,14,0,0,0,4,0,3,0,3,0
Apache Avro,org.apache.avro.message,MissingSchemaException,4,0,0,0,2,0,1,0,1,0
Apache Avro,org.apache.avro.message,SchemaStore.Cache,26,0,0,0,6,0,3,0,3,0
Apache Avro,org.apache.avro.message,BinaryMessageDecoder,211,0,22,0,41,0,20,0,9,0
Apache Avro,org.apache.avro.message,RawMessageDecoder,43,0,0,0,11,0,4,0,4,0
Apache Avro,org.apache.avro.message,BinaryMessageEncoder.V1MessageEncoder,53,0,0,0,13,0,3,0,3,0
Apache Avro,org.apache.avro.message,BadHeaderException,4,0,0,0,2,0,1,0,1,0
Apache Avro,org.apache.avro.util,ClassUtils,79,0,20,0,24,0,14,0,4,0
Apache Avro,org.apache.avro.util,ByteBufferInputStream,156,0,24,0,44,0,18,0,6,0
Apache Avro,org.apache.avro.util,RandomData.new Iterator() {...},44,0,2,0,6,0,5,0,4,0
Apache Avro,org.apache.avro.util,SchemaResolver.ResolvingVisitor,76,242,9,18,12,51,12,15,4,8
Apache Avro,org.apache.avro.util,UtfTextUtils,308,0,67,0,71,0,46,0,11,0
Apache Avro,org.apache.avro.util,SchemaVisitor.SchemaVisitorAction,0,27,0,0,0,5,0,1,0,1
Apache Avro,org.apache.avro.util,RandomData,473,0,39,0,87,0,42,0,16,0
Apache Avro,org.apache.avro.util,WeakIdentityHashMap,199,0,8,0,51,0,20,0,16,0
Apache Avro,org.apache.avro.util,ReusableByteBufferInputStream,110,0,8,0,27,0,13,0,9,0
Apache Avro,org.apache.avro.util,ClassSecurityValidator.Builder,29,0,0,0,7,0,5,0,5,0
Apache Avro,org.apache.avro.util,WeakIdentityHashMap.IdentityWeakReference,38,0,6,0,11,0,6,0,3,0
Apache Avro,org.apache.avro.util,SchemaResolver.IsResolvedSchemaVisitor,47,0,10,0,13,0,10,0,5,0
Apache Avro,org.apache.avro.util,Schemas,103,134,20,12,22,34,18,9,1,5
Apache Avro,org.apache.avro.util,MapEntry,14,9,0,0,5,4,3,1,3,1
Apache Avro,org.apache.avro.util,SchemaResolver,20,52,7,7,4,9,7,5,1,4
Apache Avro,org.apache.avro.util,MapUtil,17,0,2,0,4,0,2,0,1,0
Apache Avro,org.apache.avro.util,WeakIdentityHashMap.new Map.Entry() {...},22,0,0,0,4,0,4,0,4,0
Apache Avro,org.apache.avro.util,ClassSecurityValidator,98,0,6,0,20,0,11,0,8,0
Apache Avro,org.apache.avro.util,ClassSecurityValidator.SystemPropertiesPredicate,89,0,14,0,18,0,13,0,6,0
Apache Avro,org.apache.avro.util,TimePeriod,699,0,93,0,131,0,72,0,19,0
Apache Avro,org.apache.avro.util,ClassSecurityValidator.ClassSecurityPredicate,6,0,0,0,1,0,1,0,1,0
Apache Avro,org.apache.avro.util,NonCopyingByteArrayOutputStream,98,0,4,0,25,0,11,0,9,0
Apache Avro,org.apache.avro.util,Utf8,406,0,44,0,105,0,44,0,22,0
Apache Avro,org.apache.avro.util,ReusableByteArrayInputStream,23,0,0,0,7,0,2,0,2,0
Apache Avro,org.apache.avro.util,SchemaUtil,60,0,10,0,14,0,8,0,2,0
Apache Avro,org.apache.avro.util,ByteBufferOutputStream,193,0,12,0,47,0,15,0,9,0
Apache Avro,org.apache.avro.file,DataFileReader,364,0,40,0,88,0,35,0,15,0
Apache Avro,org.apache.avro.file,XZCodec,91,0,8,0,22,0,11,0,7,0
Apache Avro,org.apache.avro.file,SeekableFileInput,22,0,0,0,8,0,5,0,5,0
Apache Avro,org.apache.avro.file,XZCodec.Option,12,0,0,0,4,0,2,0,2,0
Apache Avro,org.apache.avro.file,DataFileReader12,478,0,44,0,91,0,39,0,17,0
Apache Avro,org.apache.avro.file,NullCodec,36,0,6,0,10,0,10,0,7,0
Apache Avro,org.apache.avro.file,DataFileReader.SeekableInputStream,110,0,4,0,26,0,12,0,10,0
Apache Avro,org.apache.avro.file,DataFileStream,540,0,50,0,126,0,50,0,25,0
Apache Avro,org.apache.avro.file,BZip2Codec,92,0,8,0,18,0,10,0,6,0
Apache Avro,org.apache.avro.file,DataFileWriter.BufferedFileOutputStream,36,0,0,0,10,0,4,0,4,0
Apache Avro,org.apache.avro.file,SnappyCodec.Option,10,0,0,0,4,0,3,0,3,0
Apache Avro,org.apache.avro.file,ZstandardLoader,45,0,4,0,9,0,5,0,3,0
Apache Avro,org.apache.avro.file,SyncableFileOutputStream,26,0,0,0,12,0,6,0,6,0
Apache Avro,org.apache.avro.file,SnappyCodec,140,0,8,0,27,0,10,0,6,0
Apache Avro,org.apache.avro.file,DeflateCodec,129,0,12,0,29,0,15,0,9,0
Apache Avro,org.apache.avro.file,Codec,12,0,0,0,3,0,3,0,3,0
Apache Avro,org.apache.avro.file,BZip2Codec.Option,7,0,0,0,2,0,2,0,2,0
Apache Avro,org.apache.avro.file,ZstandardCodec,88,0,6,0,20,0,10,0,7,0
Apache Avro,org.apache.avro.file,DataFileWriter,633,0,40,0,163,0,55,0,35,0
Apache Avro,org.apache.avro.file,DataFileStream.Header,17,0,0,0,5,0,1,0,1,0
Apache Avro,org.apache.avro.file,CodecFactory,118,0,4,0,30,0,15,0,13,0
Apache Avro,org.apache.avro.file,NullCodec.Option,5,0,0,0,2,0,2,0,2,0
Apache Avro,org.apache.avro.file,DeflateCodec.Option,12,0,0,0,4,0,2,0,2,0
Apache Avro,org.apache.avro.file,DataFileWriter.AppendWriteException,4,0,0,0,2,0,1,0,1,0
Apache Avro,org.apache.avro.file,DataFileConstants,20,0,0,0,1,0,1,0,1,0
Apache Avro,org.apache.avro.file,SeekableByteArrayInput,31,0,4,0,9,0,6,0,4,0
Apache Avro,org.apache.avro.file,ZstandardCodec.Option,22,0,0,0,6,0,2,0,2,0
Apache Avro,org.apache.avro.file,DataFileWriter.BufferedFileOutputStream.PositionFilter,22,0,0,0,6,0,2,0,2,0
Apache Avro,org.apache.avro.file,DataFileStream.DataBlock,112,0,2,0,31,0,8,0,7,0
Apache Avro,org.apache.avro.specific,SpecificData,1501,0,171,0,257,0,140,0,47,0
Apache Avro,org.apache.avro.specific,SpecificDatumWriter,164,0,18,0,46,0,19,0,10,0
Apache Avro,org.apache.avro.specific,SpecificData.new Object() {...},3,0,0,0,1,0,1,0,1,0
Apache Avro,org.apache.avro.specific,SpecificRecordBase,133,0,12,0,30,0,21,0,15,0
Apache Avro,org.apache.avro.specific,SpecificExceptionBase,53,0,8,0,17,0,11,0,7,0
Apache Avro,org.apache.avro.specific,SpecificFixed,63,0,6,0,15,0,11,0,8,0
Apache Avro,org.apache.avro.specific,SpecificErrorBuilderBase,103,0,4,0,35,0,14,0,12,0
Apache Avro,org.apache.avro.specific,SpecificRecordBuilderBase,25,0,0,0,8,0,4,0,4,0
Apache Avro,org.apache.avro.specific,ExternalizableOutput,31,0,0,0,13,0,6,0,6,0
Apache Avro,org.apache.avro.specific,SpecificDatumReader,223,0,27,0,60,0,29,0,15,0
Apache Avro,org.apache.avro.specific,ExternalizableInput,35,0,0,0,10,0,7,0,7,0
Apache Avro,org.apache.avro.path,ArrayPositionPredicate,10,0,0,0,4,0,2,0,2,0
Apache Avro,org.apache.avro.path,TracingAvroTypeException,65,12,8,0,13,3,6,1,2,1
Apache Avro,org.apache.avro.path,UnionTypePredicate,10,0,0,0,4,0,2,0,2,0
Apache Avro,org.apache.avro.path,TracingNullPointException,138,0,16,0,31,0,12,0,4,0
Apache Avro,org.apache.avro.path,TracingClassCastException,110,0,10,0,25,0,9,0,4,0
Apache Avro,org.apache.avro.path,LocationStep,25,0,4,0,7,0,4,0,2,0
Apache Avro,org.apache.avro.path,MapKeyPredicate,18,0,2,0,7,0,4,0,3,0
Apache Avro,org.apache.avro.util.springframework,ConcurrentReferenceHashMap,550,0,40,0,90,0,52,0,32,0
Apache Avro,org.apache.avro.util.springframework,ConcurrentReferenceHashMap.TaskOption,27,0,0,0,2,0,1,0,1,0
Apache Avro,org.apache.avro.util.springframework,ConcurrentReferenceHashMap.Entry,68,0,8,0,18,0,11,0,7,0
Apache Avro,org.apache.avro.util.springframework,ConcurrentReferenceHashMap.EntryIterator,141,0,20,0,36,0,17,0,7,0
Apache Avro,org.apache.avro.util.springframework,ObjectUtils,499,0,110,0,105,0,68,0,13,0
Apache Avro,org.apache.avro.util.springframework,ConcurrentReferenceHashMap.Task,31,0,2,0,6,0,5,0,4,0
Apache Avro,org.apache.avro.util.springframework,ConcurrentReferenceHashMap.ReferenceType,15,0,0,0,3,0,1,0,1,0
Apache Avro,org.apache.avro.util.springframework,ConcurrentReferenceHashMap.Restructure,15,0,0,0,2,0,1,0,1,0
Apache Avro,org.apache.avro.util.springframework,ConcurrentReferenceHashMap.SoftEntryReference,23,0,0,0,9,0,4,0,4,0
Apache Avro,org.apache.avro.util.springframework,Assert,24,0,6,0,9,0,6,0,3,0
Apache Avro,org.apache.avro.util.springframework,ConcurrentReferenceHashMap.ReferenceManager,39,0,2,0,6,0,4,0,3,0
Apache Avro,org.apache.avro.util.springframework,ConcurrentReferenceHashMap.WeakEntryReference,23,0,0,0,9,0,4,0,4,0
Apache Avro,org.apache.avro.util.springframework,ConcurrentReferenceHashMap.new ConcurrentReferenceHashMap.Task() {...},42,0,6,0,9,0,5,0,2,0
Apache Avro,org.apache.avro.util.springframework,ConcurrentReferenceHashMap.new ConcurrentReferenceHashMap.Task() {...},19,0,4,0,6,0,4,0,2,0
Apache Avro,org.apache.avro.util.springframework,ConcurrentReferenceHashMap.new ConcurrentReferenceHashMap.Task() {...},29,0,6,0,6,0,5,0,2,0
Apache Avro,org.apache.avro.util.springframework,ConcurrentReferenceHashMap.new ConcurrentReferenceHashMap.Task() {...},33,0,4,0,5,0,4,0,2,0
Apache Avro,org.apache.avro.util.springframework,ConcurrentReferenceHashMap.new ConcurrentReferenceHashMap.Task() {...},25,0,2,0,6,0,3,0,2,0
Apache Avro,org.apache.avro.util.springframework,ConcurrentReferenceHashMap.EntrySet,66,0,8,0,16,0,10,0,6,0
Apache Avro,org.apache.avro.util.springframework,ConcurrentReferenceHashMap.Segment,406,0,62,0,96,0,43,0,12,0
Apache Avro,org.apache.avro.io,BinaryDecoder.ByteSource,177,0,6,0,43,0,10,0,7,0
Apache Avro,org.apache.avro.io,BlockingBinaryEncoder,1209,0,128,0,224,0,92,0,28,0
Apache Avro,org.apache.avro.io,BinaryDecoder.ByteArrayByteSource,230,0,14,0,53,0,18,0,11,0
Apache Avro,org.apache.avro.io,DecoderFactory.DefaultDecoderFactory,5,0,0,0,1,0,1,0,1,0
Apache Avro,org.apache.avro.io,BufferedBinaryEncoder,257,0,24,0,64,0,26,0,14,0
Apache Avro,org.apache.avro.io,ParsingDecoder,107,0,26,0,33,0,16,0,3,0
Apache Avro,org.apache.avro.io,BlockingBinaryEncoder.BlockedValue.State,21,0,0,0,4,0,1,0,1,0
Apache Avro,org.apache.avro.io,FastReaderBuilder,1151,0,121,0,222,0,152,0,80,0
Apache Avro,org.apache.avro.io,ResolvingDecoder,559,0,78,0,122,0,58,0,19,0
Apache Avro,org.apache.avro.io,BinaryEncoder,143,0,18,0,50,0,23,0,14,0
Apache Avro,org.apache.avro.io,BlockingDirectBinaryEncoder.BufferOutputStream,10,0,0,0,3,0,2,0,2,0
Apache Avro,org.apache.avro.io,BlockingDirectBinaryEncoder,139,0,6,0,40,0,11,0,8,0
Apache Avro,org.apache.avro.io,Encoder,74,0,4,0,19,0,8,0,6,0
Apache Avro,org.apache.avro.io,DecoderFactory,160,0,20,0,32,0,27,0,17,0
Apache Avro,org.apache.avro.io,Decoder,12,0,0,0,4,0,3,0,3,0
Apache Avro,org.apache.avro.io,FastReaderBuilder.RecordReader.Stage,21,0,0,0,2,0,1,0,1,0
Apache Avro,org.apache.avro.io,BinaryDecoder.InputStreamByteSource,240,0,30,0,77,0,24,0,9,0
Apache Avro,org.apache.avro.io,FastReaderBuilder.MapReader,52,0,4,0,13,0,4,0,2,0
Apache Avro,org.apache.avro.io,DirectBinaryDecoder.ReuseByteReader,22,0,2,0,6,0,3,0,2,0
Apache Avro,org.apache.avro.io,BinaryDecoder,1159,0,88,0,215,0,86,0,42,0
Apache Avro,org.apache.avro.io,BinaryDecoder.BufferAccessor,116,0,12,0,35,0,14,0,8,0
Apache Avro,org.apache.avro.io,DirectBinaryDecoder.ByteReader,35,0,4,0,8,0,4,0,2,0
Apache Avro,org.apache.avro.io,BufferedBinaryEncoder.ByteSink,3,0,0,0,2,0,1,0,1,0
Apache Avro,org.apache.avro.io,FastReaderBuilder.FieldReader,6,0,0,0,2,0,2,0,2,0
Apache Avro,org.apache.avro.io,JsonEncoder.JsonOptions,15,0,0,0,3,0,1,0,1,0
Apache Avro,org.apache.avro.io,DatumWriter,17,0,0,0,3,0,1,0,1,0
Apache Avro,org.apache.avro.io,DirectBinaryEncoder,178,0,10,0,44,0,16,0,11,0
Apache Avro,org.apache.avro.io,EncoderFactory,193,0,30,0,43,0,31,0,16,0
Apache Avro,org.apache.avro.io,BufferedBinaryEncoder.OutputStreamSink,27,0,0,0,10,0,4,0,4,0
Apache Avro,org.apache.avro.io,ValidatingDecoder,403,0,24,0,95,0,41,0,29,0
Apache Avro,org.apache.avro.io,JsonEncoder,518,0,42,0,135,0,53,0,32,0
Apache Avro,org.apache.avro.io,BinaryData,970,0,97,0,186,0,74,0,14,0
Apache Avro,org.apache.avro.io,FastReaderBuilder.RecordReader,62,0,2,0,17,0,8,0,7,0
Apache Avro,org.apache.avro.io,JsonDecoder.ReorderBuffer,11,0,0,0,3,0,1,0,1,0
Apache Avro,org.apache.avro.io,FastReaderBuilder.ReusingFieldReader,2,0,0,0,1,0,1,0,1,0
Apache Avro,org.apache.avro.io,DirectBinaryDecoder,336,0,28,0,59,0,26,0,12,0
Apache Avro,org.apache.avro.io,ParsingEncoder,100,0,6,0,18,0,9,0,6,0
Apache Avro,org.apache.avro.io,EncoderFactory.DefaultEncoderFactory,10,0,0,0,2,0,2,0,2,0
Apache Avro,org.apache.avro.io,BlockingBinaryEncoder.BlockedValue,184,0,48,0,24,0,28,0,3,0
Apache Avro,org.apache.avro.io,ValidatingEncoder,284,0,6,0,84,0,28,0,25,0
Apache Avro,org.apache.avro.io,JsonDecoder,1112,0,142,0,273,0,112,0,41,0
Apache Avro,org.apache.avro.io,BinaryData.HashData,19,0,0,0,5,0,2,0,2,0
Apache Avro,org.apache.avro.io,BinaryData.Decoders,41,0,0,0,10,0,3,0,3,0
Apache Avro,org.apache.avro.reflect,ReflectData.AllowNull,24,0,2,0,7,0,5,0,4,0
Apache Avro,org.apache.avro.reflect,ReflectDatumReader,663,0,92,0,157,0,67,0,21,0
Apache Avro,org.apache.avro.reflect,MapEntry,23,0,0,0,9,0,4,0,4,0
Apache Avro,org.apache.avro.reflect,ReflectData.new ClassValue() {...},14,0,2,0,4,0,3,0,2,0
Apache Avro,org.apache.avro.reflect,ReflectionUtil.AccessorTestClass,193,0,2,0,29,0,5,0,4,0
Apache Avro,org.apache.avro.reflect,ArrayAccessor,511,0,70,0,121,0,51,0,16,0
Apache Avro,org.apache.avro.reflect,ReflectData.ClassAccessorData,138,0,12,0,28,0,10,0,4,0
Apache Avro,org.apache.avro.reflect,ReflectDatumWriter,359,0,52,0,96,0,41,0,13,0
Apache Avro,org.apache.avro.reflect,FieldAccessor,11,0,0,0,7,0,6,0,6,0
Apache Avro,org.apache.avro.reflect,ReflectData.CustomEncodingWrapper,9,0,0,0,4,0,2,0,2,0
Apache Avro,org.apache.avro.reflect,ReflectData,2294,0,334,0,484,0,226,0,57,0
Apache Avro,org.apache.avro.reflect,ReflectionUtil,208,0,16,0,52,0,21,0,13,0
Apache Avro,org.apache.avro.reflect,FieldAccess,3,0,0,0,1,0,1,0,1,0
Apache Avro,org.apache.avro.reflect,CustomEncoding,11,0,0,0,3,0,3,0,3,0
Apache Avro,org.apache.avro.reflect,FieldAccessReflect.ReflectionBasedAccessor,141,0,22,0,33,0,18,0,7,0
Apache Avro,org.apache.avro.reflect,FieldAccessReflect,33,0,2,0,7,0,3,0,2,0
Apache Avro,org.apache.avro.reflect,FieldAccessReflect.ReflectionBasesAccessorCustomEncoded,43,0,0,0,15,0,5,0,5,0
Apache Avro,org.apache.avro.reflect,DateAsLongEncoding,35,0,2,0,10,0,4,0,3,0
Apache Avro,org.apache.avro.util.internal,Accessor.FieldAccessor,0,3,0,0,0,1,0,1,0,1
Apache Avro,org.apache.avro.util.internal,Accessor.ResolvingGrammarGeneratorAccessor,3,0,0,0,1,0,1,0,1,0
Apache Avro,org.apache.avro.util.internal,Accessor.EncoderFactoryAccessor,3,0,0,0,1,0,1,0,1,0
Apache Avro,org.apache.avro.util.internal,ClassValueCache.new ClassValue() {...},12,0,0,0,2,0,2,0,2,0
Apache Avro,org.apache.avro.util.internal,JacksonUtils,386,106,92,22,84,29,56,7,2,4
Apache Avro,org.apache.avro.util.internal,ClassValueCache,17,0,0,0,5,0,2,0,2,0
Apache Avro,org.apache.avro.util.internal,ThreadLocalWithInitial,3,3,0,0,1,1,1,1,1,1
Apache Avro,org.apache.avro.util.internal,Accessor,74,10,8,2,24,6,15,2,10,2
Apache Avro,org.apache.avro.util.internal,Accessor.JsonPropertiesAccessor,0,3,0,0,0,1,0,1,0,1
Apache Avro,org.apache.avro.io.parsing,Symbol.DefaultStartAction,6,0,0,0,3,0,1,0,1,0
Apache Avro,org.apache.avro.io.parsing,Symbol.UnionAdjustAction,20,0,0,0,5,0,2,0,2,0
Apache Avro,org.apache.avro.io.parsing,SkipParser,92,0,10,0,25,0,10,0,5,0
Apache Avro,org.apache.avro.io.parsing,Parser,249,0,28,0,54,0,25,0,11,0
Apache Avro,org.apache.avro.io.parsing,Symbol.Kind,45,0,0,0,8,0,1,0,1,0
Apache Avro,org.apache.avro.io.parsing,Symbol.EnumAdjustAction,54,0,12,0,10,0,7,0,1,0
Apache Avro,org.apache.avro.io.parsing,Symbol,462,0,41,0,99,0,49,0,26,0
Apache Avro,org.apache.avro.io.parsing,ResolvingGrammarGenerator,991,0,112,0,190,0,79,0,8,0
Apache Avro,org.apache.avro.io.parsing,Symbol.Sequence,89,0,4,0,18,0,8,0,6,0
Apache Avro,org.apache.avro.io.parsing,Symbol.EnumLabelsAction,36,0,6,0,9,0,6,0,3,0
Apache Avro,org.apache.avro.io.parsing,Symbol.FieldOrderAction,33,0,6,0,7,0,4,0,1,0
Apache Avro,org.apache.avro.io.parsing,Symbol.Terminal,10,0,0,0,4,0,2,0,2,0
Apache Avro,org.apache.avro.io.parsing,Symbol.ResolvingAction,23,0,0,0,5,0,2,0,2,0
Apache Avro,org.apache.avro.io.parsing,Symbol.IntCheckAction,7,0,0,0,3,0,1,0,1,0
Apache Avro,org.apache.avro.io.parsing,Symbol.ErrorAction,6,0,0,0,3,0,1,0,1,0
Apache Avro,org.apache.avro.io.parsing,Symbol.FieldAdjustAction,12,0,0,0,5,0,1,0,1,0
Apache Avro,org.apache.avro.io.parsing,Symbol.SkipAction,16,0,0,0,4,0,2,0,2,0
Apache Avro,org.apache.avro.io.parsing,ValidatingGrammarGenerator,225,0,21,0,37,0,20,0,3,0
Apache Avro,org.apache.avro.io.parsing,JsonGrammarGenerator,191,0,10,0,25,0,10,0,3,0
Apache Avro,org.apache.avro.io.parsing,Symbol.Fixup,9,0,0,0,4,0,1,0,1,0
Apache Avro,org.apache.avro.io.parsing,ValidatingGrammarGenerator.LitS,22,0,2,0,7,0,4,0,3,0
Apache Avro,org.apache.avro.io.parsing,Symbol.Sequence.new Iterator() {...},44,0,4,0,7,0,6,0,4,0
Apache Avro,org.apache.avro.io.parsing,Symbol.ImplicitAction,11,0,0,0,5,0,2,0,2,0
Apache Avro,org.apache.avro.io.parsing,Symbol.Alternative,76,0,8,0,16,0,10,0,6,0
Apache Avro,org.apache.avro.io.parsing,ResolvingGrammarGenerator.new Accessor.ResolvingGrammarGeneratorAccessor() {...},8,0,0,0,3,0,2,0,2,0
Apache Avro,org.apache.avro.io.parsing,Symbol.Root,31,0,0,0,6,0,2,0,2,0
Apache Avro,org.apache.avro.io.parsing,Symbol.Repeater,51,0,0,0,10,0,3,0,3,0
