Schema.java,org.apache.avro.Schema,org.pitest.mutationtest.engine.gregor.mutators.NegateConditionalsMutator,<init>,158,SURVIVED,none
Schema.java,org.apache.avro.Schema,org.pitest.mutationtest.engine.gregor.mutators.VoidMethodCallMutator,addProp,204,KILLED,org.apache.avro.ISW2SchemaC2RNDTest.test28(org.apache.avro.ISW2SchemaC2RNDTest)
Schema.java,org.apache.avro.Schema,org.pitest.mutationtest.engine.gregor.mutators.VoidMethodCallMutator,addProp,198,NO_COVERAGE,none
Schema.java,org.apache.avro.Schema,org.pitest.mutationtest.engine.gregor.mutators.NegateConditionalsMutator,applyAliases,2097,NO_COVERAGE,none
Schema.java,org.apache.avro.Schema,org.pitest.mutationtest.engine.gregor.mutators.NegateConditionalsMutator,applyAliases,2101,NO_COVERAGE,none
Schema.java,org.apache.avro.Schema,org.pitest.mutationtest.engine.gregor.mutators.NegateConditionalsMutator,applyAliases,2103,NO_COVERAGE,none
Schema.java,org.apache.avro.Schema,org.pitest.mutationtest.engine.gregor.mutators.NegateConditionalsMutator,applyAliases,2118,NO_COVERAGE,none
Schema.java,org.apache.avro.Schema,org.pitest.mutationtest.engine.gregor.mutators.NegateConditionalsMutator,applyAliases,2123,NO_COVERAGE,none
Schema.java,org.apache.avro.Schema,org.pitest.mutationtest.engine.gregor.mutators.NegateConditionalsMutator,applyAliases,2128,NO_COVERAGE,none
Schema.java,org.apache.avro.Schema,org.pitest.mutationtest.engine.gregor.mutators.NegateConditionalsMutator,applyAliases,2138,NO_COVERAGE,none
Schema.java,org.apache.avro.Schema,org.pitest.mutationtest.engine.gregor.mutators.NegateConditionalsMutator,applyAliases,2144,NO_COVERAGE,none
Schema.java,org.apache.avro.Schema,org.pitest.mutationtest.engine.gregor.mutators.VoidMethodCallMutator,applyAliases,2112,NO_COVERAGE,none
Schema.java,org.apache.avro.Schema,org.pitest.mutationtest.engine.gregor.mutators.VoidMethodCallMutator,applyAliases,2115,NO_COVERAGE,none
Schema.java,org.apache.avro.Schema,org.pitest.mutationtest.engine.gregor.mutators.VoidMethodCallMutator,applyAliases,2145,NO_COVERAGE,none
Schema.java,org.apache.avro.Schema,org.pitest.mutationtest.engine.gregor.mutators.returns.NullReturnValsMutator,applyAliases,2102,NO_COVERAGE,none
Schema.java,org.apache.avro.Schema,org.pitest.mutationtest.engine.gregor.mutators.returns.NullReturnValsMutator,applyAliases,2146,NO_COVERAGE,none
Schema.java,org.apache.avro.Schema,org.pitest.mutationtest.engine.gregor.mutators.NegateConditionalsMutator,applyAliases,2077,NO_COVERAGE,none
Schema.java,org.apache.avro.Schema,org.pitest.mutationtest.engine.gregor.mutators.NegateConditionalsMutator,applyAliases,2086,NO_COVERAGE,none
Schema.java,org.apache.avro.Schema,org.pitest.mutationtest.engine.gregor.mutators.NegateConditionalsMutator,applyAliases,2086,NO_COVERAGE,none
Schema.java,org.apache.avro.Schema,org.pitest.mutationtest.engine.gregor.mutators.VoidMethodCallMutator,applyAliases,2084,NO_COVERAGE,none
Schema.java,org.apache.avro.Schema,org.pitest.mutationtest.engine.gregor.mutators.VoidMethodCallMutator,applyAliases,2089,NO_COVERAGE,none
Schema.java,org.apache.avro.Schema,org.pitest.mutationtest.engine.gregor.mutators.returns.NullReturnValsMutator,applyAliases,2078,NO_COVERAGE,none
Schema.java,org.apache.avro.Schema,org.pitest.mutationtest.engine.gregor.mutators.returns.NullReturnValsMutator,applyAliases,2087,NO_COVERAGE,none
Schema.java,org.apache.avro.Schema,org.pitest.mutationtest.engine.gregor.mutators.returns.NullReturnValsMutator,applyAliases,2090,NO_COVERAGE,none
Schema.java,org.apache.avro.Schema,org.pitest.mutationtest.engine.gregor.mutators.MathMutator,computeHash,507,SURVIVED,none
Schema.java,org.apache.avro.Schema,org.pitest.mutationtest.engine.gregor.mutators.returns.PrimitiveReturnsMutator,computeHash,507,SURVIVED,none
Schema.java,org.apache.avro.Schema,org.pitest.mutationtest.engine.gregor.mutators.returns.NullReturnValsMutator,create,166,NO_COVERAGE,none
Schema.java,org.apache.avro.Schema,org.pitest.mutationtest.engine.gregor.mutators.returns.NullReturnValsMutator,create,168,NO_COVERAGE,none
Schema.java,org.apache.avro.Schema,org.pitest.mutationtest.engine.gregor.mutators.returns.NullReturnValsMutator,create,170,NO_COVERAGE,none
Schema.java,org.apache.avro.Schema,org.pitest.mutationtest.engine.gregor.mutators.returns.NullReturnValsMutator,create,172,NO_COVERAGE,none
Schema.java,org.apache.avro.Schema,org.pitest.mutationtest.engine.gregor.mutators.returns.NullReturnValsMutator,create,174,NO_COVERAGE,none
Schema.java,org.apache.avro.Schema,org.pitest.mutationtest.engine.gregor.mutators.returns.NullReturnValsMutator,create,176,NO_COVERAGE,none
Schema.java,org.apache.avro.Schema,org.pitest.mutationtest.engine.gregor.mutators.returns.NullReturnValsMutator,create,178,NO_COVERAGE,none
Schema.java,org.apache.avro.Schema,org.pitest.mutationtest.engine.gregor.mutators.returns.NullReturnValsMutator,create,180,NO_COVERAGE,none
Schema.java,org.apache.avro.Schema,org.pitest.mutationtest.engine.gregor.mutators.returns.NullReturnValsMutator,createArray,254,NO_COVERAGE,none
Schema.java,org.apache.avro.Schema,org.pitest.mutationtest.engine.gregor.mutators.returns.NullReturnValsMutator,createEnum,244,NO_COVERAGE,none
Schema.java,org.apache.avro.Schema,org.pitest.mutationtest.engine.gregor.mutators.returns.NullReturnValsMutator,createEnum,249,NO_COVERAGE,none
Schema.java,org.apache.avro.Schema,org.pitest.mutationtest.engine.gregor.mutators.returns.NullReturnValsMutator,createFixed,274,NO_COVERAGE,none
Schema.java,org.apache.avro.Schema,org.pitest.mutationtest.engine.gregor.mutators.returns.NullReturnValsMutator,createMap,259,KILLED,org.apache.avro.ISW2SchemaC2RNDTest.test42(org.apache.avro.ISW2SchemaC2RNDTest)
Schema.java,org.apache.avro.Schema,org.pitest.mutationtest.engine.gregor.mutators.returns.NullReturnValsMutator,createRecord,234,NO_COVERAGE,none
Schema.java,org.apache.avro.Schema,org.pitest.mutationtest.engine.gregor.mutators.returns.NullReturnValsMutator,createRecord,239,NO_COVERAGE,none
Schema.java,org.apache.avro.Schema,org.pitest.mutationtest.engine.gregor.mutators.VoidMethodCallMutator,createRecord,228,NO_COVERAGE,none
Schema.java,org.apache.avro.Schema,org.pitest.mutationtest.engine.gregor.mutators.returns.NullReturnValsMutator,createRecord,229,NO_COVERAGE,none
Schema.java,org.apache.avro.Schema,org.pitest.mutationtest.engine.gregor.mutators.returns.NullReturnValsMutator,createUnion,264,NO_COVERAGE,none
Schema.java,org.apache.avro.Schema,org.pitest.mutationtest.engine.gregor.mutators.returns.NullReturnValsMutator,createUnion,269,NO_COVERAGE,none
Schema.java,org.apache.avro.Schema,org.pitest.mutationtest.engine.gregor.mutators.NegateConditionalsMutator,equalCachedHash,511,SURVIVED,none
Schema.java,org.apache.avro.Schema,org.pitest.mutationtest.engine.gregor.mutators.NegateConditionalsMutator,equalCachedHash,511,NO_COVERAGE,none
Schema.java,org.apache.avro.Schema,org.pitest.mutationtest.engine.gregor.mutators.NegateConditionalsMutator,equalCachedHash,511,NO_COVERAGE,none
Schema.java,org.apache.avro.Schema,org.pitest.mutationtest.engine.gregor.mutators.returns.BooleanTrueReturnValsMutator,equalCachedHash,511,SURVIVED,none
Schema.java,org.apache.avro.Schema,org.pitest.mutationtest.engine.gregor.mutators.NegateConditionalsMutator,equals,489,NO_COVERAGE,none
Schema.java,org.apache.avro.Schema,org.pitest.mutationtest.engine.gregor.mutators.NegateConditionalsMutator,equals,491,NO_COVERAGE,none
Schema.java,org.apache.avro.Schema,org.pitest.mutationtest.engine.gregor.mutators.NegateConditionalsMutator,equals,494,NO_COVERAGE,none
Schema.java,org.apache.avro.Schema,org.pitest.mutationtest.engine.gregor.mutators.NegateConditionalsMutator,equals,496,NO_COVERAGE,none
Schema.java,org.apache.avro.Schema,org.pitest.mutationtest.engine.gregor.mutators.NegateConditionalsMutator,equals,496,NO_COVERAGE,none
Schema.java,org.apache.avro.Schema,org.pitest.mutationtest.engine.gregor.mutators.returns.BooleanFalseReturnValsMutator,equals,490,NO_COVERAGE,none
Schema.java,org.apache.avro.Schema,org.pitest.mutationtest.engine.gregor.mutators.returns.BooleanTrueReturnValsMutator,equals,492,NO_COVERAGE,none
Schema.java,org.apache.avro.Schema,org.pitest.mutationtest.engine.gregor.mutators.returns.BooleanTrueReturnValsMutator,equals,495,NO_COVERAGE,none
Schema.java,org.apache.avro.Schema,org.pitest.mutationtest.engine.gregor.mutators.returns.BooleanTrueReturnValsMutator,equals,496,NO_COVERAGE,none
Schema.java,org.apache.avro.Schema,org.pitest.mutationtest.engine.gregor.mutators.NegateConditionalsMutator,getAliases,2152,NO_COVERAGE,none
Schema.java,org.apache.avro.Schema,org.pitest.mutationtest.engine.gregor.mutators.NegateConditionalsMutator,getAliases,2154,NO_COVERAGE,none
Schema.java,org.apache.avro.Schema,org.pitest.mutationtest.engine.gregor.mutators.NegateConditionalsMutator,getAliases,2160,NO_COVERAGE,none
Schema.java,org.apache.avro.Schema,org.pitest.mutationtest.engine.gregor.mutators.NegateConditionalsMutator,getAliases,2165,NO_COVERAGE,none
Schema.java,org.apache.avro.Schema,org.pitest.mutationtest.engine.gregor.mutators.NegateConditionalsMutator,getAliases,2172,NO_COVERAGE,none
Schema.java,org.apache.avro.Schema,org.pitest.mutationtest.engine.gregor.mutators.NegateConditionalsMutator,getAliases,2172,NO_COVERAGE,none
Schema.java,org.apache.avro.Schema,org.pitest.mutationtest.engine.gregor.mutators.VoidMethodCallMutator,getAliases,2170,NO_COVERAGE,none
Schema.java,org.apache.avro.Schema,org.pitest.mutationtest.engine.gregor.mutators.VoidMethodCallMutator,getAliases,2177,NO_COVERAGE,none
Schema.java,org.apache.avro.Schema,org.pitest.mutationtest.engine.gregor.mutators.VoidMethodCallMutator,getAliases,2180,NO_COVERAGE,none
Schema.java,org.apache.avro.Schema,org.pitest.mutationtest.engine.gregor.mutators.VoidMethodCallMutator,getAliases,2184,NO_COVERAGE,none
Schema.java,org.apache.avro.Schema,org.pitest.mutationtest.engine.gregor.mutators.returns.EmptyObjectReturnValsMutator,getDoc,347,NO_COVERAGE,none
Schema.java,org.apache.avro.Schema,org.pitest.mutationtest.engine.gregor.mutators.NegateConditionalsMutator,getFieldAlias,2191,NO_COVERAGE,none
Schema.java,org.apache.avro.Schema,org.pitest.mutationtest.engine.gregor.mutators.NegateConditionalsMutator,getFieldAlias,2194,NO_COVERAGE,none
Schema.java,org.apache.avro.Schema,org.pitest.mutationtest.engine.gregor.mutators.returns.EmptyObjectReturnValsMutator,getFieldAlias,2192,NO_COVERAGE,none
Schema.java,org.apache.avro.Schema,org.pitest.mutationtest.engine.gregor.mutators.returns.EmptyObjectReturnValsMutator,getFieldAlias,2195,NO_COVERAGE,none
Schema.java,org.apache.avro.Schema,org.pitest.mutationtest.engine.gregor.mutators.returns.EmptyObjectReturnValsMutator,getFieldAlias,2196,NO_COVERAGE,none
Schema.java,org.apache.avro.Schema,org.pitest.mutationtest.engine.gregor.mutators.returns.EmptyObjectReturnValsMutator,getFullName,360,SURVIVED,none
Schema.java,org.apache.avro.Schema,org.pitest.mutationtest.engine.gregor.mutators.returns.NullReturnValsMutator,getLogicalType,209,NO_COVERAGE,none
Schema.java,org.apache.avro.Schema,org.pitest.mutationtest.engine.gregor.mutators.returns.EmptyObjectReturnValsMutator,getName,339,SURVIVED,none
Schema.java,org.apache.avro.Schema,org.pitest.mutationtest.engine.gregor.mutators.returns.NullReturnValsMutator,getNameValidator,1721,NO_COVERAGE,none
Schema.java,org.apache.avro.Schema,org.pitest.mutationtest.engine.gregor.mutators.NegateConditionalsMutator,getOptionalText,2051,NO_COVERAGE,none
Schema.java,org.apache.avro.Schema,org.pitest.mutationtest.engine.gregor.mutators.returns.EmptyObjectReturnValsMutator,getOptionalText,2051,NO_COVERAGE,none
Schema.java,org.apache.avro.Schema,org.pitest.mutationtest.engine.gregor.mutators.NegateConditionalsMutator,getRequiredText,2042,NO_COVERAGE,none
Schema.java,org.apache.avro.Schema,org.pitest.mutationtest.engine.gregor.mutators.returns.EmptyObjectReturnValsMutator,getRequiredText,2045,NO_COVERAGE,none
Schema.java,org.apache.avro.Schema,org.pitest.mutationtest.engine.gregor.mutators.returns.NullReturnValsMutator,getType,279,SURVIVED,none
Schema.java,org.apache.avro.Schema,org.pitest.mutationtest.engine.gregor.mutators.returns.BooleanFalseReturnValsMutator,getValidateDefaults,1747,NO_COVERAGE,none
Schema.java,org.apache.avro.Schema,org.pitest.mutationtest.engine.gregor.mutators.returns.BooleanTrueReturnValsMutator,getValidateDefaults,1747,NO_COVERAGE,none
Schema.java,org.apache.avro.Schema,org.pitest.mutationtest.engine.gregor.mutators.NegateConditionalsMutator,hashCode,501,NO_COVERAGE,none
Schema.java,org.apache.avro.Schema,org.pitest.mutationtest.engine.gregor.mutators.returns.PrimitiveReturnsMutator,hashCode,503,NO_COVERAGE,none
Schema.java,org.apache.avro.Schema,org.pitest.mutationtest.engine.gregor.mutators.NegateConditionalsMutator,isNullable,524,NO_COVERAGE,none
Schema.java,org.apache.avro.Schema,org.pitest.mutationtest.engine.gregor.mutators.NegateConditionalsMutator,isNullable,529,NO_COVERAGE,none
Schema.java,org.apache.avro.Schema,org.pitest.mutationtest.engine.gregor.mutators.returns.BooleanFalseReturnValsMutator,isNullable,525,NO_COVERAGE,none
Schema.java,org.apache.avro.Schema,org.pitest.mutationtest.engine.gregor.mutators.returns.BooleanFalseReturnValsMutator,isNullable,530,NO_COVERAGE,none
Schema.java,org.apache.avro.Schema,org.pitest.mutationtest.engine.gregor.mutators.returns.BooleanTrueReturnValsMutator,isNullable,525,NO_COVERAGE,none
Schema.java,org.apache.avro.Schema,org.pitest.mutationtest.engine.gregor.mutators.returns.BooleanTrueReturnValsMutator,isNullable,534,NO_COVERAGE,none
Schema.java,org.apache.avro.Schema,org.pitest.mutationtest.engine.gregor.mutators.returns.BooleanFalseReturnValsMutator,isUnion,519,NO_COVERAGE,none
Schema.java,org.apache.avro.Schema,org.pitest.mutationtest.engine.gregor.mutators.returns.BooleanTrueReturnValsMutator,isUnion,519,NO_COVERAGE,none
Schema.java,org.apache.avro.Schema,org.pitest.mutationtest.engine.gregor.mutators.returns.BooleanFalseReturnValsMutator,isValidDefault,1757,NO_COVERAGE,none
Schema.java,org.apache.avro.Schema,org.pitest.mutationtest.engine.gregor.mutators.returns.BooleanTrueReturnValsMutator,isValidDefault,1757,NO_COVERAGE,none
Schema.java,org.apache.avro.Schema,org.pitest.mutationtest.engine.gregor.mutators.NegateConditionalsMutator,isValidDefault,1761,NO_COVERAGE,none
Schema.java,org.apache.avro.Schema,org.pitest.mutationtest.engine.gregor.mutators.NegateConditionalsMutator,isValidDefault,1770,NO_COVERAGE,none
Schema.java,org.apache.avro.Schema,org.pitest.mutationtest.engine.gregor.mutators.NegateConditionalsMutator,isValidDefault,1770,NO_COVERAGE,none
Schema.java,org.apache.avro.Schema,org.pitest.mutationtest.engine.gregor.mutators.NegateConditionalsMutator,isValidDefault,1772,NO_COVERAGE,none
Schema.java,org.apache.avro.Schema,org.pitest.mutationtest.engine.gregor.mutators.NegateConditionalsMutator,isValidDefault,1772,NO_COVERAGE,none
Schema.java,org.apache.avro.Schema,org.pitest.mutationtest.engine.gregor.mutators.NegateConditionalsMutator,isValidDefault,1781,NO_COVERAGE,none
Schema.java,org.apache.avro.Schema,org.pitest.mutationtest.engine.gregor.mutators.NegateConditionalsMutator,isValidDefault,1784,NO_COVERAGE,none
Schema.java,org.apache.avro.Schema,org.pitest.mutationtest.engine.gregor.mutators.NegateConditionalsMutator,isValidDefault,1788,NO_COVERAGE,none
Schema.java,org.apache.avro.Schema,org.pitest.mutationtest.engine.gregor.mutators.NegateConditionalsMutator,isValidDefault,1791,NO_COVERAGE,none
Schema.java,org.apache.avro.Schema,org.pitest.mutationtest.engine.gregor.mutators.NegateConditionalsMutator,isValidDefault,1797,NO_COVERAGE,none
Schema.java,org.apache.avro.Schema,org.pitest.mutationtest.engine.gregor.mutators.NegateConditionalsMutator,isValidDefault,1801,NO_COVERAGE,none
Schema.java,org.apache.avro.Schema,org.pitest.mutationtest.engine.gregor.mutators.NegateConditionalsMutator,isValidDefault,1800,NO_COVERAGE,none
Schema.java,org.apache.avro.Schema,org.pitest.mutationtest.engine.gregor.mutators.returns.BooleanFalseReturnValsMutator,isValidDefault,1768,NO_COVERAGE,none
Schema.java,org.apache.avro.Schema,org.pitest.mutationtest.engine.gregor.mutators.returns.BooleanFalseReturnValsMutator,isValidDefault,1775,NO_COVERAGE,none
Schema.java,org.apache.avro.Schema,org.pitest.mutationtest.engine.gregor.mutators.returns.BooleanFalseReturnValsMutator,isValidDefault,1777,NO_COVERAGE,none
Schema.java,org.apache.avro.Schema,org.pitest.mutationtest.engine.gregor.mutators.returns.BooleanFalseReturnValsMutator,isValidDefault,1779,NO_COVERAGE,none
Schema.java,org.apache.avro.Schema,org.pitest.mutationtest.engine.gregor.mutators.returns.BooleanFalseReturnValsMutator,isValidDefault,1786,NO_COVERAGE,none
Schema.java,org.apache.avro.Schema,org.pitest.mutationtest.engine.gregor.mutators.returns.BooleanFalseReturnValsMutator,isValidDefault,1793,NO_COVERAGE,none
Schema.java,org.apache.avro.Schema,org.pitest.mutationtest.engine.gregor.mutators.returns.BooleanFalseReturnValsMutator,isValidDefault,1795,NO_COVERAGE,none
Schema.java,org.apache.avro.Schema,org.pitest.mutationtest.engine.gregor.mutators.returns.BooleanFalseReturnValsMutator,isValidDefault,1803,NO_COVERAGE,none
Schema.java,org.apache.avro.Schema,org.pitest.mutationtest.engine.gregor.mutators.returns.BooleanTrueReturnValsMutator,isValidDefault,1762,NO_COVERAGE,none
Schema.java,org.apache.avro.Schema,org.pitest.mutationtest.engine.gregor.mutators.returns.BooleanTrueReturnValsMutator,isValidDefault,1768,NO_COVERAGE,none
Schema.java,org.apache.avro.Schema,org.pitest.mutationtest.engine.gregor.mutators.returns.BooleanTrueReturnValsMutator,isValidDefault,1770,NO_COVERAGE,none
Schema.java,org.apache.avro.Schema,org.pitest.mutationtest.engine.gregor.mutators.returns.BooleanTrueReturnValsMutator,isValidDefault,1772,NO_COVERAGE,none
Schema.java,org.apache.avro.Schema,org.pitest.mutationtest.engine.gregor.mutators.returns.BooleanTrueReturnValsMutator,isValidDefault,1775,NO_COVERAGE,none
Schema.java,org.apache.avro.Schema,org.pitest.mutationtest.engine.gregor.mutators.returns.BooleanTrueReturnValsMutator,isValidDefault,1777,NO_COVERAGE,none
Schema.java,org.apache.avro.Schema,org.pitest.mutationtest.engine.gregor.mutators.returns.BooleanTrueReturnValsMutator,isValidDefault,1779,NO_COVERAGE,none
Schema.java,org.apache.avro.Schema,org.pitest.mutationtest.engine.gregor.mutators.returns.BooleanTrueReturnValsMutator,isValidDefault,1782,NO_COVERAGE,none
Schema.java,org.apache.avro.Schema,org.pitest.mutationtest.engine.gregor.mutators.returns.BooleanTrueReturnValsMutator,isValidDefault,1785,NO_COVERAGE,none
Schema.java,org.apache.avro.Schema,org.pitest.mutationtest.engine.gregor.mutators.returns.BooleanTrueReturnValsMutator,isValidDefault,1789,NO_COVERAGE,none
Schema.java,org.apache.avro.Schema,org.pitest.mutationtest.engine.gregor.mutators.returns.BooleanTrueReturnValsMutator,isValidDefault,1792,NO_COVERAGE,none
Schema.java,org.apache.avro.Schema,org.pitest.mutationtest.engine.gregor.mutators.returns.BooleanTrueReturnValsMutator,isValidDefault,1795,NO_COVERAGE,none
Schema.java,org.apache.avro.Schema,org.pitest.mutationtest.engine.gregor.mutators.returns.BooleanTrueReturnValsMutator,isValidDefault,1798,NO_COVERAGE,none
Schema.java,org.apache.avro.Schema,org.pitest.mutationtest.engine.gregor.mutators.returns.BooleanTrueReturnValsMutator,isValidDefault,1802,NO_COVERAGE,none
Schema.java,org.apache.avro.Schema,org.pitest.mutationtest.engine.gregor.mutators.returns.BooleanTrueReturnValsMutator,isValidDefault,1805,NO_COVERAGE,none
Schema.java,org.apache.avro.Schema,org.pitest.mutationtest.engine.gregor.mutators.NegateConditionalsMutator,isValidValue,1817,NO_COVERAGE,none
Schema.java,org.apache.avro.Schema,org.pitest.mutationtest.engine.gregor.mutators.NegateConditionalsMutator,isValidValue,1819,NO_COVERAGE,none
Schema.java,org.apache.avro.Schema,org.pitest.mutationtest.engine.gregor.mutators.NegateConditionalsMutator,isValidValue,1822,NO_COVERAGE,none
Schema.java,org.apache.avro.Schema,org.pitest.mutationtest.engine.gregor.mutators.returns.BooleanFalseReturnValsMutator,isValidValue,1823,NO_COVERAGE,none
Schema.java,org.apache.avro.Schema,org.pitest.mutationtest.engine.gregor.mutators.returns.BooleanFalseReturnValsMutator,isValidValue,1829,NO_COVERAGE,none
Schema.java,org.apache.avro.Schema,org.pitest.mutationtest.engine.gregor.mutators.returns.BooleanTrueReturnValsMutator,isValidValue,1818,NO_COVERAGE,none
Schema.java,org.apache.avro.Schema,org.pitest.mutationtest.engine.gregor.mutators.returns.BooleanTrueReturnValsMutator,isValidValue,1826,NO_COVERAGE,none
Schema.java,org.apache.avro.Schema,org.pitest.mutationtest.engine.gregor.mutators.returns.BooleanTrueReturnValsMutator,isValidValue,1829,NO_COVERAGE,none
Schema.java,org.apache.avro.Schema,org.pitest.mutationtest.engine.gregor.mutators.returns.EmptyObjectReturnValsMutator,lambda$getAliases$4,2167,NO_COVERAGE,none
Schema.java,org.apache.avro.Schema,org.pitest.mutationtest.engine.gregor.mutators.returns.BooleanFalseReturnValsMutator,lambda$isValidDefault$2,1795,NO_COVERAGE,none
Schema.java,org.apache.avro.Schema,org.pitest.mutationtest.engine.gregor.mutators.returns.BooleanTrueReturnValsMutator,lambda$isValidDefault$2,1795,NO_COVERAGE,none
Schema.java,org.apache.avro.Schema,org.pitest.mutationtest.engine.gregor.mutators.NegateConditionalsMutator,lambda$parseProperties$3,1994,NO_COVERAGE,none
Schema.java,org.apache.avro.Schema,org.pitest.mutationtest.engine.gregor.mutators.VoidMethodCallMutator,lambda$parseProperties$3,1995,NO_COVERAGE,none
Schema.java,org.apache.avro.Schema,org.pitest.mutationtest.engine.gregor.mutators.NegateConditionalsMutator,parse,1835,KILLED,org.apache.avro.ISW2SchemaC2RNDTest.test22(org.apache.avro.ISW2SchemaC2RNDTest)
Schema.java,org.apache.avro.Schema,org.pitest.mutationtest.engine.gregor.mutators.NegateConditionalsMutator,parse,1837,NO_COVERAGE,none
Schema.java,org.apache.avro.Schema,org.pitest.mutationtest.engine.gregor.mutators.NegateConditionalsMutator,parse,1839,NO_COVERAGE,none
Schema.java,org.apache.avro.Schema,org.pitest.mutationtest.engine.gregor.mutators.NegateConditionalsMutator,parse,1842,NO_COVERAGE,none
Schema.java,org.apache.avro.Schema,org.pitest.mutationtest.engine.gregor.mutators.NegateConditionalsMutator,parse,1844,NO_COVERAGE,none
Schema.java,org.apache.avro.Schema,org.pitest.mutationtest.engine.gregor.mutators.NegateConditionalsMutator,parse,1844,NO_COVERAGE,none
Schema.java,org.apache.avro.Schema,org.pitest.mutationtest.engine.gregor.mutators.NegateConditionalsMutator,parse,1846,NO_COVERAGE,none
Schema.java,org.apache.avro.Schema,org.pitest.mutationtest.engine.gregor.mutators.NegateConditionalsMutator,parse,1848,NO_COVERAGE,none
Schema.java,org.apache.avro.Schema,org.pitest.mutationtest.engine.gregor.mutators.NegateConditionalsMutator,parse,1850,NO_COVERAGE,none
Schema.java,org.apache.avro.Schema,org.pitest.mutationtest.engine.gregor.mutators.NegateConditionalsMutator,parse,1852,NO_COVERAGE,none
Schema.java,org.apache.avro.Schema,org.pitest.mutationtest.engine.gregor.mutators.NegateConditionalsMutator,parse,1858,NO_COVERAGE,none
Schema.java,org.apache.avro.Schema,org.pitest.mutationtest.engine.gregor.mutators.returns.NullReturnValsMutator,parse,1838,NO_COVERAGE,none
Schema.java,org.apache.avro.Schema,org.pitest.mutationtest.engine.gregor.mutators.returns.NullReturnValsMutator,parse,1843,NO_COVERAGE,none
Schema.java,org.apache.avro.Schema,org.pitest.mutationtest.engine.gregor.mutators.returns.NullReturnValsMutator,parse,1845,NO_COVERAGE,none
Schema.java,org.apache.avro.Schema,org.pitest.mutationtest.engine.gregor.mutators.returns.NullReturnValsMutator,parse,1847,NO_COVERAGE,none
Schema.java,org.apache.avro.Schema,org.pitest.mutationtest.engine.gregor.mutators.returns.NullReturnValsMutator,parse,1849,NO_COVERAGE,none
Schema.java,org.apache.avro.Schema,org.pitest.mutationtest.engine.gregor.mutators.returns.NullReturnValsMutator,parse,1851,NO_COVERAGE,none
Schema.java,org.apache.avro.Schema,org.pitest.mutationtest.engine.gregor.mutators.returns.NullReturnValsMutator,parse,1853,NO_COVERAGE,none
Schema.java,org.apache.avro.Schema,org.pitest.mutationtest.engine.gregor.mutators.returns.NullReturnValsMutator,parse,1859,NO_COVERAGE,none
Schema.java,org.apache.avro.Schema,org.pitest.mutationtest.engine.gregor.mutators.returns.NullReturnValsMutator,parse,1591,NO_COVERAGE,none
Schema.java,org.apache.avro.Schema,org.pitest.mutationtest.engine.gregor.mutators.returns.NullReturnValsMutator,parse,1606,NO_COVERAGE,none
Schema.java,org.apache.avro.Schema,org.pitest.mutationtest.engine.gregor.mutators.returns.NullReturnValsMutator,parse,1616,NO_COVERAGE,none
Schema.java,org.apache.avro.Schema,org.pitest.mutationtest.engine.gregor.mutators.NegateConditionalsMutator,parse,1627,NO_COVERAGE,none
Schema.java,org.apache.avro.Schema,org.pitest.mutationtest.engine.gregor.mutators.returns.NullReturnValsMutator,parse,1628,NO_COVERAGE,none
Schema.java,org.apache.avro.Schema,org.pitest.mutationtest.engine.gregor.mutators.NegateConditionalsMutator,parseAliases,2019,NO_COVERAGE,none
Schema.java,org.apache.avro.Schema,org.pitest.mutationtest.engine.gregor.mutators.NegateConditionalsMutator,parseAliases,2021,NO_COVERAGE,none
Schema.java,org.apache.avro.Schema,org.pitest.mutationtest.engine.gregor.mutators.NegateConditionalsMutator,parseAliases,2025,NO_COVERAGE,none
Schema.java,org.apache.avro.Schema,org.pitest.mutationtest.engine.gregor.mutators.returns.EmptyObjectReturnValsMutator,parseAliases,2020,NO_COVERAGE,none
Schema.java,org.apache.avro.Schema,org.pitest.mutationtest.engine.gregor.mutators.returns.EmptyObjectReturnValsMutator,parseAliases,2029,NO_COVERAGE,none
Schema.java,org.apache.avro.Schema,org.pitest.mutationtest.engine.gregor.mutators.NegateConditionalsMutator,parseAliases,2012,NO_COVERAGE,none
Schema.java,org.apache.avro.Schema,org.pitest.mutationtest.engine.gregor.mutators.VoidMethodCallMutator,parseAliases,2014,NO_COVERAGE,none
Schema.java,org.apache.avro.Schema,org.pitest.mutationtest.engine.gregor.mutators.NegateConditionalsMutator,parseArray,1947,NO_COVERAGE,none
Schema.java,org.apache.avro.Schema,org.pitest.mutationtest.engine.gregor.mutators.VoidMethodCallMutator,parseArray,1950,NO_COVERAGE,none
Schema.java,org.apache.avro.Schema,org.pitest.mutationtest.engine.gregor.mutators.returns.NullReturnValsMutator,parseArray,1951,NO_COVERAGE,none
Schema.java,org.apache.avro.Schema,org.pitest.mutationtest.engine.gregor.mutators.returns.EmptyObjectReturnValsMutator,parseDoc,2007,NO_COVERAGE,none
Schema.java,org.apache.avro.Schema,org.pitest.mutationtest.engine.gregor.mutators.NegateConditionalsMutator,parseEnum,1925,NO_COVERAGE,none
Schema.java,org.apache.avro.Schema,org.pitest.mutationtest.engine.gregor.mutators.NegateConditionalsMutator,parseEnum,1925,NO_COVERAGE,none
Schema.java,org.apache.avro.Schema,org.pitest.mutationtest.engine.gregor.mutators.NegateConditionalsMutator,parseEnum,1933,NO_COVERAGE,none
Schema.java,org.apache.avro.Schema,org.pitest.mutationtest.engine.gregor.mutators.VoidMethodCallMutator,parseEnum,1938,NO_COVERAGE,none
Schema.java,org.apache.avro.Schema,org.pitest.mutationtest.engine.gregor.mutators.VoidMethodCallMutator,parseEnum,1939,NO_COVERAGE,none
Schema.java,org.apache.avro.Schema,org.pitest.mutationtest.engine.gregor.mutators.VoidMethodCallMutator,parseEnum,1940,NO_COVERAGE,none
Schema.java,org.apache.avro.Schema,org.pitest.mutationtest.engine.gregor.mutators.returns.NullReturnValsMutator,parseEnum,1941,NO_COVERAGE,none
Schema.java,org.apache.avro.Schema,org.pitest.mutationtest.engine.gregor.mutators.NegateConditionalsMutator,parseField,1900,NO_COVERAGE,none
Schema.java,org.apache.avro.Schema,org.pitest.mutationtest.engine.gregor.mutators.NegateConditionalsMutator,parseField,1906,NO_COVERAGE,none
Schema.java,org.apache.avro.Schema,org.pitest.mutationtest.engine.gregor.mutators.NegateConditionalsMutator,parseField,1910,NO_COVERAGE,none
Schema.java,org.apache.avro.Schema,org.pitest.mutationtest.engine.gregor.mutators.NegateConditionalsMutator,parseField,1910,NO_COVERAGE,none
Schema.java,org.apache.avro.Schema,org.pitest.mutationtest.engine.gregor.mutators.NegateConditionalsMutator,parseField,1910,NO_COVERAGE,none
Schema.java,org.apache.avro.Schema,org.pitest.mutationtest.engine.gregor.mutators.NegateConditionalsMutator,parseField,1911,NO_COVERAGE,none
Schema.java,org.apache.avro.Schema,org.pitest.mutationtest.engine.gregor.mutators.VoidMethodCallMutator,parseField,1915,NO_COVERAGE,none
Schema.java,org.apache.avro.Schema,org.pitest.mutationtest.engine.gregor.mutators.returns.NullReturnValsMutator,parseField,1917,NO_COVERAGE,none
Schema.java,org.apache.avro.Schema,org.pitest.mutationtest.engine.gregor.mutators.NegateConditionalsMutator,parseFixed,1969,NO_COVERAGE,none
Schema.java,org.apache.avro.Schema,org.pitest.mutationtest.engine.gregor.mutators.NegateConditionalsMutator,parseFixed,1969,NO_COVERAGE,none
Schema.java,org.apache.avro.Schema,org.pitest.mutationtest.engine.gregor.mutators.VoidMethodCallMutator,parseFixed,1973,NO_COVERAGE,none
Schema.java,org.apache.avro.Schema,org.pitest.mutationtest.engine.gregor.mutators.VoidMethodCallMutator,parseFixed,1974,NO_COVERAGE,none
Schema.java,org.apache.avro.Schema,org.pitest.mutationtest.engine.gregor.mutators.VoidMethodCallMutator,parseFixed,1975,NO_COVERAGE,none
Schema.java,org.apache.avro.Schema,org.pitest.mutationtest.engine.gregor.mutators.returns.NullReturnValsMutator,parseFixed,1976,NO_COVERAGE,none
Schema.java,org.apache.avro.Schema,org.pitest.mutationtest.engine.gregor.mutators.returns.NullReturnValsMutator,parseJson,2056,NO_COVERAGE,none
Schema.java,org.apache.avro.Schema,org.pitest.mutationtest.engine.gregor.mutators.returns.NullReturnValsMutator,parseJsonToObject,2066,NO_COVERAGE,none
Schema.java,org.apache.avro.Schema,org.pitest.mutationtest.engine.gregor.mutators.NegateConditionalsMutator,parseMap,1957,NO_COVERAGE,none
Schema.java,org.apache.avro.Schema,org.pitest.mutationtest.engine.gregor.mutators.VoidMethodCallMutator,parseMap,1960,NO_COVERAGE,none
Schema.java,org.apache.avro.Schema,org.pitest.mutationtest.engine.gregor.mutators.returns.NullReturnValsMutator,parseMap,1961,NO_COVERAGE,none
Schema.java,org.apache.avro.Schema,org.pitest.mutationtest.engine.gregor.mutators.NegateConditionalsMutator,parseName,2001,NO_COVERAGE,none
Schema.java,org.apache.avro.Schema,org.pitest.mutationtest.engine.gregor.mutators.returns.NullReturnValsMutator,parseName,2003,NO_COVERAGE,none
Schema.java,org.apache.avro.Schema,org.pitest.mutationtest.engine.gregor.mutators.VoidMethodCallMutator,parsePrimitive,1867,NO_COVERAGE,none
Schema.java,org.apache.avro.Schema,org.pitest.mutationtest.engine.gregor.mutators.returns.NullReturnValsMutator,parsePrimitive,1868,NO_COVERAGE,none
Schema.java,org.apache.avro.Schema,org.pitest.mutationtest.engine.gregor.mutators.VoidMethodCallMutator,parseProperties,1993,NO_COVERAGE,none
Schema.java,org.apache.avro.Schema,org.pitest.mutationtest.engine.gregor.mutators.VoidMethodCallMutator,parsePropertiesAndLogicalType,1987,NO_COVERAGE,none
Schema.java,org.apache.avro.Schema,org.pitest.mutationtest.engine.gregor.mutators.NegateConditionalsMutator,parseRecord,1878,NO_COVERAGE,none
Schema.java,org.apache.avro.Schema,org.pitest.mutationtest.engine.gregor.mutators.NegateConditionalsMutator,parseRecord,1878,NO_COVERAGE,none
Schema.java,org.apache.avro.Schema,org.pitest.mutationtest.engine.gregor.mutators.NegateConditionalsMutator,parseRecord,1884,NO_COVERAGE,none
Schema.java,org.apache.avro.Schema,org.pitest.mutationtest.engine.gregor.mutators.NegateConditionalsMutator,parseRecord,1884,NO_COVERAGE,none
Schema.java,org.apache.avro.Schema,org.pitest.mutationtest.engine.gregor.mutators.VoidMethodCallMutator,parseRecord,1889,NO_COVERAGE,none
Schema.java,org.apache.avro.Schema,org.pitest.mutationtest.engine.gregor.mutators.VoidMethodCallMutator,parseRecord,1890,NO_COVERAGE,none
Schema.java,org.apache.avro.Schema,org.pitest.mutationtest.engine.gregor.mutators.VoidMethodCallMutator,parseRecord,1891,NO_COVERAGE,none
Schema.java,org.apache.avro.Schema,org.pitest.mutationtest.engine.gregor.mutators.VoidMethodCallMutator,parseRecord,1892,NO_COVERAGE,none
Schema.java,org.apache.avro.Schema,org.pitest.mutationtest.engine.gregor.mutators.returns.NullReturnValsMutator,parseRecord,1893,NO_COVERAGE,none
Schema.java,org.apache.avro.Schema,org.pitest.mutationtest.engine.gregor.mutators.returns.NullReturnValsMutator,parseUnion,1983,NO_COVERAGE,none
Schema.java,org.apache.avro.Schema,org.pitest.mutationtest.engine.gregor.mutators.VoidMethodCallMutator,setNameValidator,1713,NO_COVERAGE,none
Schema.java,org.apache.avro.Schema,org.pitest.mutationtest.engine.gregor.mutators.VoidMethodCallMutator,setValidateDefaults,1739,NO_COVERAGE,none
Schema.java,org.apache.avro.Schema,org.pitest.mutationtest.engine.gregor.mutators.NegateConditionalsMutator,toJson,472,NO_COVERAGE,none
Schema.java,org.apache.avro.Schema,org.pitest.mutationtest.engine.gregor.mutators.VoidMethodCallMutator,toJson,473,NO_COVERAGE,none
Schema.java,org.apache.avro.Schema,org.pitest.mutationtest.engine.gregor.mutators.VoidMethodCallMutator,toJson,475,NO_COVERAGE,none
Schema.java,org.apache.avro.Schema,org.pitest.mutationtest.engine.gregor.mutators.VoidMethodCallMutator,toJson,476,NO_COVERAGE,none
Schema.java,org.apache.avro.Schema,org.pitest.mutationtest.engine.gregor.mutators.VoidMethodCallMutator,toJson,477,NO_COVERAGE,none
Schema.java,org.apache.avro.Schema,org.pitest.mutationtest.engine.gregor.mutators.VoidMethodCallMutator,toJson,478,NO_COVERAGE,none
Schema.java,org.apache.avro.Schema,org.pitest.mutationtest.engine.gregor.mutators.returns.EmptyObjectReturnValsMutator,toString,420,NO_COVERAGE,none
Schema.java,org.apache.avro.Schema,org.pitest.mutationtest.engine.gregor.mutators.NegateConditionalsMutator,toString,446,SURVIVED,none
Schema.java,org.apache.avro.Schema,org.pitest.mutationtest.engine.gregor.mutators.returns.EmptyObjectReturnValsMutator,toString,451,NO_COVERAGE,none
Schema.java,org.apache.avro.Schema,org.pitest.mutationtest.engine.gregor.mutators.NegateConditionalsMutator,toString,459,SURVIVED,none
Schema.java,org.apache.avro.Schema,org.pitest.mutationtest.engine.gregor.mutators.VoidMethodCallMutator,toString,461,KILLED,org.apache.avro.ISW2SchemaC2RNDTest.test27(org.apache.avro.ISW2SchemaC2RNDTest)
Schema.java,org.apache.avro.Schema,org.pitest.mutationtest.engine.gregor.mutators.VoidMethodCallMutator,toString,462,NO_COVERAGE,none
Schema.java,org.apache.avro.Schema,org.pitest.mutationtest.engine.gregor.mutators.returns.EmptyObjectReturnValsMutator,toString,432,NO_COVERAGE,none
Schema.java,org.apache.avro.Schema,org.pitest.mutationtest.engine.gregor.mutators.NegateConditionalsMutator,validateDefault,1727,NO_COVERAGE,none
Schema.java,org.apache.avro.Schema,org.pitest.mutationtest.engine.gregor.mutators.NegateConditionalsMutator,validateDefault,1727,NO_COVERAGE,none
Schema.java,org.apache.avro.Schema,org.pitest.mutationtest.engine.gregor.mutators.NegateConditionalsMutator,validateDefault,1727,NO_COVERAGE,none
Schema.java,org.apache.avro.Schema,org.pitest.mutationtest.engine.gregor.mutators.returns.NullReturnValsMutator,validateDefault,1731,NO_COVERAGE,none
Schema.java,org.apache.avro.Schema,org.pitest.mutationtest.engine.gregor.mutators.NegateConditionalsMutator,validateName,1702,KILLED,org.apache.avro.ISW2SchemaC2RNDTest.test14(org.apache.avro.ISW2SchemaC2RNDTest)
Schema.java,org.apache.avro.Schema,org.pitest.mutationtest.engine.gregor.mutators.returns.EmptyObjectReturnValsMutator,validateName,1705,NO_COVERAGE,none
Schema.java,org.apache.avro.Schema,org.pitest.mutationtest.engine.gregor.mutators.returns.NullReturnValsMutator,writeReplace,103,NO_COVERAGE,none
Schema.java,org.apache.avro.Schema$RecordSchema,org.pitest.mutationtest.engine.gregor.mutators.VoidMethodCallMutator,<init>,947,NO_COVERAGE,none
Schema.java,org.apache.avro.Schema$RecordSchema,org.pitest.mutationtest.engine.gregor.mutators.MathMutator,computeHash,1033,NO_COVERAGE,none
Schema.java,org.apache.avro.Schema$RecordSchema,org.pitest.mutationtest.engine.gregor.mutators.NegateConditionalsMutator,computeHash,1028,NO_COVERAGE,none
Schema.java,org.apache.avro.Schema$RecordSchema,org.pitest.mutationtest.engine.gregor.mutators.NegateConditionalsMutator,computeHash,1035,NO_COVERAGE,none
Schema.java,org.apache.avro.Schema$RecordSchema,org.pitest.mutationtest.engine.gregor.mutators.VoidMethodCallMutator,computeHash,1036,NO_COVERAGE,none
Schema.java,org.apache.avro.Schema$RecordSchema,org.pitest.mutationtest.engine.gregor.mutators.returns.PrimitiveReturnsMutator,computeHash,1033,NO_COVERAGE,none
Schema.java,org.apache.avro.Schema$RecordSchema,org.pitest.mutationtest.engine.gregor.mutators.NegateConditionalsMutator,equals,1000,NO_COVERAGE,none
Schema.java,org.apache.avro.Schema$RecordSchema,org.pitest.mutationtest.engine.gregor.mutators.NegateConditionalsMutator,equals,1002,NO_COVERAGE,none
Schema.java,org.apache.avro.Schema$RecordSchema,org.pitest.mutationtest.engine.gregor.mutators.NegateConditionalsMutator,equals,1005,NO_COVERAGE,none
Schema.java,org.apache.avro.Schema$RecordSchema,org.pitest.mutationtest.engine.gregor.mutators.NegateConditionalsMutator,equals,1007,NO_COVERAGE,none
Schema.java,org.apache.avro.Schema$RecordSchema,org.pitest.mutationtest.engine.gregor.mutators.NegateConditionalsMutator,equals,1009,NO_COVERAGE,none
Schema.java,org.apache.avro.Schema$RecordSchema,org.pitest.mutationtest.engine.gregor.mutators.NegateConditionalsMutator,equals,1013,NO_COVERAGE,none
Schema.java,org.apache.avro.Schema$RecordSchema,org.pitest.mutationtest.engine.gregor.mutators.NegateConditionalsMutator,equals,1020,NO_COVERAGE,none
Schema.java,org.apache.avro.Schema$RecordSchema,org.pitest.mutationtest.engine.gregor.mutators.VoidMethodCallMutator,equals,1021,NO_COVERAGE,none
Schema.java,org.apache.avro.Schema$RecordSchema,org.pitest.mutationtest.engine.gregor.mutators.returns.BooleanFalseReturnValsMutator,equals,1001,NO_COVERAGE,none
Schema.java,org.apache.avro.Schema$RecordSchema,org.pitest.mutationtest.engine.gregor.mutators.returns.BooleanFalseReturnValsMutator,equals,1014,NO_COVERAGE,none
Schema.java,org.apache.avro.Schema$RecordSchema,org.pitest.mutationtest.engine.gregor.mutators.returns.BooleanFalseReturnValsMutator,equals,1018,NO_COVERAGE,none
Schema.java,org.apache.avro.Schema$RecordSchema,org.pitest.mutationtest.engine.gregor.mutators.returns.BooleanTrueReturnValsMutator,equals,1003,NO_COVERAGE,none
Schema.java,org.apache.avro.Schema$RecordSchema,org.pitest.mutationtest.engine.gregor.mutators.returns.BooleanTrueReturnValsMutator,equals,1006,NO_COVERAGE,none
Schema.java,org.apache.avro.Schema$RecordSchema,org.pitest.mutationtest.engine.gregor.mutators.returns.BooleanTrueReturnValsMutator,equals,1008,NO_COVERAGE,none
Schema.java,org.apache.avro.Schema$RecordSchema,org.pitest.mutationtest.engine.gregor.mutators.returns.BooleanTrueReturnValsMutator,equals,1010,NO_COVERAGE,none
Schema.java,org.apache.avro.Schema$RecordSchema,org.pitest.mutationtest.engine.gregor.mutators.returns.BooleanTrueReturnValsMutator,equals,1018,NO_COVERAGE,none
Schema.java,org.apache.avro.Schema$RecordSchema,org.pitest.mutationtest.engine.gregor.mutators.NegateConditionalsMutator,fieldsToJson,1071,NO_COVERAGE,none
Schema.java,org.apache.avro.Schema$RecordSchema,org.pitest.mutationtest.engine.gregor.mutators.NegateConditionalsMutator,fieldsToJson,1073,NO_COVERAGE,none
Schema.java,org.apache.avro.Schema$RecordSchema,org.pitest.mutationtest.engine.gregor.mutators.NegateConditionalsMutator,fieldsToJson,1077,NO_COVERAGE,none
Schema.java,org.apache.avro.Schema$RecordSchema,org.pitest.mutationtest.engine.gregor.mutators.NegateConditionalsMutator,fieldsToJson,1079,NO_COVERAGE,none
Schema.java,org.apache.avro.Schema$RecordSchema,org.pitest.mutationtest.engine.gregor.mutators.NegateConditionalsMutator,fieldsToJson,1079,NO_COVERAGE,none
Schema.java,org.apache.avro.Schema$RecordSchema,org.pitest.mutationtest.engine.gregor.mutators.VoidMethodCallMutator,fieldsToJson,1065,NO_COVERAGE,none
Schema.java,org.apache.avro.Schema$RecordSchema,org.pitest.mutationtest.engine.gregor.mutators.VoidMethodCallMutator,fieldsToJson,1067,NO_COVERAGE,none
Schema.java,org.apache.avro.Schema$RecordSchema,org.pitest.mutationtest.engine.gregor.mutators.VoidMethodCallMutator,fieldsToJson,1068,NO_COVERAGE,none
Schema.java,org.apache.avro.Schema$RecordSchema,org.pitest.mutationtest.engine.gregor.mutators.VoidMethodCallMutator,fieldsToJson,1069,NO_COVERAGE,none
Schema.java,org.apache.avro.Schema$RecordSchema,org.pitest.mutationtest.engine.gregor.mutators.VoidMethodCallMutator,fieldsToJson,1070,NO_COVERAGE,none
Schema.java,org.apache.avro.Schema$RecordSchema,org.pitest.mutationtest.engine.gregor.mutators.VoidMethodCallMutator,fieldsToJson,1072,NO_COVERAGE,none
Schema.java,org.apache.avro.Schema$RecordSchema,org.pitest.mutationtest.engine.gregor.mutators.VoidMethodCallMutator,fieldsToJson,1074,NO_COVERAGE,none
Schema.java,org.apache.avro.Schema$RecordSchema,org.pitest.mutationtest.engine.gregor.mutators.VoidMethodCallMutator,fieldsToJson,1075,NO_COVERAGE,none
Schema.java,org.apache.avro.Schema$RecordSchema,org.pitest.mutationtest.engine.gregor.mutators.VoidMethodCallMutator,fieldsToJson,1078,NO_COVERAGE,none
Schema.java,org.apache.avro.Schema$RecordSchema,org.pitest.mutationtest.engine.gregor.mutators.VoidMethodCallMutator,fieldsToJson,1080,NO_COVERAGE,none
Schema.java,org.apache.avro.Schema$RecordSchema,org.pitest.mutationtest.engine.gregor.mutators.VoidMethodCallMutator,fieldsToJson,1081,NO_COVERAGE,none
Schema.java,org.apache.avro.Schema$RecordSchema,org.pitest.mutationtest.engine.gregor.mutators.VoidMethodCallMutator,fieldsToJson,1083,NO_COVERAGE,none
Schema.java,org.apache.avro.Schema$RecordSchema,org.pitest.mutationtest.engine.gregor.mutators.VoidMethodCallMutator,fieldsToJson,1084,NO_COVERAGE,none
Schema.java,org.apache.avro.Schema$RecordSchema,org.pitest.mutationtest.engine.gregor.mutators.VoidMethodCallMutator,fieldsToJson,1086,NO_COVERAGE,none
Schema.java,org.apache.avro.Schema$RecordSchema,org.pitest.mutationtest.engine.gregor.mutators.VoidMethodCallMutator,fieldsToJson,1087,NO_COVERAGE,none
Schema.java,org.apache.avro.Schema$RecordSchema,org.pitest.mutationtest.engine.gregor.mutators.VoidMethodCallMutator,fieldsToJson,1089,NO_COVERAGE,none
Schema.java,org.apache.avro.Schema$RecordSchema,org.pitest.mutationtest.engine.gregor.mutators.NegateConditionalsMutator,getField,957,NO_COVERAGE,none
Schema.java,org.apache.avro.Schema$RecordSchema,org.pitest.mutationtest.engine.gregor.mutators.returns.NullReturnValsMutator,getField,959,NO_COVERAGE,none
Schema.java,org.apache.avro.Schema$RecordSchema,org.pitest.mutationtest.engine.gregor.mutators.NegateConditionalsMutator,getFields,964,NO_COVERAGE,none
Schema.java,org.apache.avro.Schema$RecordSchema,org.pitest.mutationtest.engine.gregor.mutators.returns.EmptyObjectReturnValsMutator,getFields,966,NO_COVERAGE,none
Schema.java,org.apache.avro.Schema$RecordSchema,org.pitest.mutationtest.engine.gregor.mutators.NegateConditionalsMutator,hasFields,971,NO_COVERAGE,none
Schema.java,org.apache.avro.Schema$RecordSchema,org.pitest.mutationtest.engine.gregor.mutators.returns.BooleanTrueReturnValsMutator,hasFields,971,NO_COVERAGE,none
Schema.java,org.apache.avro.Schema$RecordSchema,org.pitest.mutationtest.engine.gregor.mutators.returns.BooleanFalseReturnValsMutator,isError,952,NO_COVERAGE,none
Schema.java,org.apache.avro.Schema$RecordSchema,org.pitest.mutationtest.engine.gregor.mutators.returns.BooleanTrueReturnValsMutator,isError,952,NO_COVERAGE,none
Schema.java,org.apache.avro.Schema$RecordSchema,org.pitest.mutationtest.engine.gregor.mutators.IncrementsMutator,setFields,986,NO_COVERAGE,none
Schema.java,org.apache.avro.Schema$RecordSchema,org.pitest.mutationtest.engine.gregor.mutators.NegateConditionalsMutator,setFields,976,NO_COVERAGE,none
Schema.java,org.apache.avro.Schema$RecordSchema,org.pitest.mutationtest.engine.gregor.mutators.NegateConditionalsMutator,setFields,983,NO_COVERAGE,none
Schema.java,org.apache.avro.Schema$RecordSchema,org.pitest.mutationtest.engine.gregor.mutators.NegateConditionalsMutator,setFields,988,NO_COVERAGE,none
Schema.java,org.apache.avro.Schema$RecordSchema,org.pitest.mutationtest.engine.gregor.mutators.NegateConditionalsMutator,toJson,1043,NO_COVERAGE,none
Schema.java,org.apache.avro.Schema$RecordSchema,org.pitest.mutationtest.engine.gregor.mutators.NegateConditionalsMutator,toJson,1046,NO_COVERAGE,none
Schema.java,org.apache.avro.Schema$RecordSchema,org.pitest.mutationtest.engine.gregor.mutators.NegateConditionalsMutator,toJson,1048,NO_COVERAGE,none
Schema.java,org.apache.avro.Schema$RecordSchema,org.pitest.mutationtest.engine.gregor.mutators.NegateConditionalsMutator,toJson,1052,NO_COVERAGE,none
Schema.java,org.apache.avro.Schema$RecordSchema,org.pitest.mutationtest.engine.gregor.mutators.VoidMethodCallMutator,toJson,1045,NO_COVERAGE,none
Schema.java,org.apache.avro.Schema$RecordSchema,org.pitest.mutationtest.engine.gregor.mutators.VoidMethodCallMutator,toJson,1046,NO_COVERAGE,none
Schema.java,org.apache.avro.Schema$RecordSchema,org.pitest.mutationtest.engine.gregor.mutators.VoidMethodCallMutator,toJson,1047,NO_COVERAGE,none
Schema.java,org.apache.avro.Schema$RecordSchema,org.pitest.mutationtest.engine.gregor.mutators.VoidMethodCallMutator,toJson,1049,NO_COVERAGE,none
Schema.java,org.apache.avro.Schema$RecordSchema,org.pitest.mutationtest.engine.gregor.mutators.VoidMethodCallMutator,toJson,1053,NO_COVERAGE,none
Schema.java,org.apache.avro.Schema$RecordSchema,org.pitest.mutationtest.engine.gregor.mutators.VoidMethodCallMutator,toJson,1054,NO_COVERAGE,none
Schema.java,org.apache.avro.Schema$RecordSchema,org.pitest.mutationtest.engine.gregor.mutators.VoidMethodCallMutator,toJson,1057,NO_COVERAGE,none
Schema.java,org.apache.avro.Schema$RecordSchema,org.pitest.mutationtest.engine.gregor.mutators.VoidMethodCallMutator,toJson,1058,NO_COVERAGE,none
Schema.java,org.apache.avro.Schema$RecordSchema,org.pitest.mutationtest.engine.gregor.mutators.VoidMethodCallMutator,toJson,1059,NO_COVERAGE,none
Schema.java,org.apache.avro.Schema$Field,org.pitest.mutationtest.engine.gregor.mutators.NegateConditionalsMutator,<init>,590,NO_COVERAGE,none
Schema.java,org.apache.avro.Schema$Field,org.pitest.mutationtest.engine.gregor.mutators.NegateConditionalsMutator,<init>,627,SURVIVED,none
Schema.java,org.apache.avro.Schema$Field,org.pitest.mutationtest.engine.gregor.mutators.NegateConditionalsMutator,<init>,637,NO_COVERAGE,none
Schema.java,org.apache.avro.Schema$Field,org.pitest.mutationtest.engine.gregor.mutators.NegateConditionalsMutator,<init>,603,NO_COVERAGE,none
Schema.java,org.apache.avro.Schema$Field,org.pitest.mutationtest.engine.gregor.mutators.VoidMethodCallMutator,<init>,602,NO_COVERAGE,none
Schema.java,org.apache.avro.Schema$Field,org.pitest.mutationtest.engine.gregor.mutators.NegateConditionalsMutator,addAlias,686,NO_COVERAGE,none
Schema.java,org.apache.avro.Schema$Field,org.pitest.mutationtest.engine.gregor.mutators.NegateConditionalsMutator,aliases,693,NO_COVERAGE,none
Schema.java,org.apache.avro.Schema$Field,org.pitest.mutationtest.engine.gregor.mutators.returns.EmptyObjectReturnValsMutator,aliases,695,NO_COVERAGE,none
Schema.java,org.apache.avro.Schema$Field,org.pitest.mutationtest.engine.gregor.mutators.returns.NullReturnValsMutator,defaultVal,678,NO_COVERAGE,none
Schema.java,org.apache.avro.Schema$Field,org.pitest.mutationtest.engine.gregor.mutators.returns.NullReturnValsMutator,defaultValue,670,NO_COVERAGE,none
Schema.java,org.apache.avro.Schema$Field,org.pitest.mutationtest.engine.gregor.mutators.NegateConditionalsMutator,defaultValueEquals,715,NO_COVERAGE,none
Schema.java,org.apache.avro.Schema$Field,org.pitest.mutationtest.engine.gregor.mutators.NegateConditionalsMutator,defaultValueEquals,716,NO_COVERAGE,none
Schema.java,org.apache.avro.Schema$Field,org.pitest.mutationtest.engine.gregor.mutators.NegateConditionalsMutator,defaultValueEquals,717,NO_COVERAGE,none
Schema.java,org.apache.avro.Schema$Field,org.pitest.mutationtest.engine.gregor.mutators.NegateConditionalsMutator,defaultValueEquals,719,NO_COVERAGE,none
Schema.java,org.apache.avro.Schema$Field,org.pitest.mutationtest.engine.gregor.mutators.returns.BooleanFalseReturnValsMutator,defaultValueEquals,720,NO_COVERAGE,none
Schema.java,org.apache.avro.Schema$Field,org.pitest.mutationtest.engine.gregor.mutators.returns.BooleanFalseReturnValsMutator,defaultValueEquals,721,NO_COVERAGE,none
Schema.java,org.apache.avro.Schema$Field,org.pitest.mutationtest.engine.gregor.mutators.returns.BooleanTrueReturnValsMutator,defaultValueEquals,716,NO_COVERAGE,none
Schema.java,org.apache.avro.Schema$Field,org.pitest.mutationtest.engine.gregor.mutators.returns.BooleanTrueReturnValsMutator,defaultValueEquals,718,NO_COVERAGE,none
Schema.java,org.apache.avro.Schema$Field,org.pitest.mutationtest.engine.gregor.mutators.returns.BooleanTrueReturnValsMutator,defaultValueEquals,720,NO_COVERAGE,none
Schema.java,org.apache.avro.Schema$Field,org.pitest.mutationtest.engine.gregor.mutators.returns.BooleanTrueReturnValsMutator,defaultValueEquals,721,NO_COVERAGE,none
Schema.java,org.apache.avro.Schema$Field,org.pitest.mutationtest.engine.gregor.mutators.returns.EmptyObjectReturnValsMutator,doc,657,NO_COVERAGE,none
Schema.java,org.apache.avro.Schema$Field,org.pitest.mutationtest.engine.gregor.mutators.NegateConditionalsMutator,equals,700,NO_COVERAGE,none
Schema.java,org.apache.avro.Schema$Field,org.pitest.mutationtest.engine.gregor.mutators.NegateConditionalsMutator,equals,702,NO_COVERAGE,none
Schema.java,org.apache.avro.Schema$Field,org.pitest.mutationtest.engine.gregor.mutators.NegateConditionalsMutator,equals,705,NO_COVERAGE,none
Schema.java,org.apache.avro.Schema$Field,org.pitest.mutationtest.engine.gregor.mutators.NegateConditionalsMutator,equals,705,NO_COVERAGE,none
Schema.java,org.apache.avro.Schema$Field,org.pitest.mutationtest.engine.gregor.mutators.NegateConditionalsMutator,equals,705,NO_COVERAGE,none
Schema.java,org.apache.avro.Schema$Field,org.pitest.mutationtest.engine.gregor.mutators.NegateConditionalsMutator,equals,705,NO_COVERAGE,none
Schema.java,org.apache.avro.Schema$Field,org.pitest.mutationtest.engine.gregor.mutators.NegateConditionalsMutator,equals,706,NO_COVERAGE,none
Schema.java,org.apache.avro.Schema$Field,org.pitest.mutationtest.engine.gregor.mutators.returns.BooleanFalseReturnValsMutator,equals,701,NO_COVERAGE,none
Schema.java,org.apache.avro.Schema$Field,org.pitest.mutationtest.engine.gregor.mutators.returns.BooleanTrueReturnValsMutator,equals,703,NO_COVERAGE,none
Schema.java,org.apache.avro.Schema$Field,org.pitest.mutationtest.engine.gregor.mutators.returns.BooleanTrueReturnValsMutator,equals,705,NO_COVERAGE,none
Schema.java,org.apache.avro.Schema$Field,org.pitest.mutationtest.engine.gregor.mutators.NegateConditionalsMutator,hasDefaultValue,666,NO_COVERAGE,none
Schema.java,org.apache.avro.Schema$Field,org.pitest.mutationtest.engine.gregor.mutators.returns.BooleanTrueReturnValsMutator,hasDefaultValue,666,NO_COVERAGE,none
Schema.java,org.apache.avro.Schema$Field,org.pitest.mutationtest.engine.gregor.mutators.MathMutator,hashCode,711,NO_COVERAGE,none
Schema.java,org.apache.avro.Schema$Field,org.pitest.mutationtest.engine.gregor.mutators.returns.PrimitiveReturnsMutator,hashCode,711,NO_COVERAGE,none
Schema.java,org.apache.avro.Schema$Field,org.pitest.mutationtest.engine.gregor.mutators.returns.EmptyObjectReturnValsMutator,name,642,NO_COVERAGE,none
Schema.java,org.apache.avro.Schema$Field,org.pitest.mutationtest.engine.gregor.mutators.returns.NullReturnValsMutator,order,682,NO_COVERAGE,none
Schema.java,org.apache.avro.Schema$Field,org.pitest.mutationtest.engine.gregor.mutators.returns.PrimitiveReturnsMutator,pos,647,NO_COVERAGE,none
Schema.java,org.apache.avro.Schema$Field,org.pitest.mutationtest.engine.gregor.mutators.returns.NullReturnValsMutator,schema,652,NO_COVERAGE,none
Schema.java,org.apache.avro.Schema$Field,org.pitest.mutationtest.engine.gregor.mutators.returns.EmptyObjectReturnValsMutator,toString,726,NO_COVERAGE,none
Schema.java,org.apache.avro.Schema$EnumSchema,org.pitest.mutationtest.engine.gregor.mutators.IncrementsMutator,<init>,1105,NO_COVERAGE,none
Schema.java,org.apache.avro.Schema$EnumSchema,org.pitest.mutationtest.engine.gregor.mutators.NegateConditionalsMutator,<init>,1105,NO_COVERAGE,none
Schema.java,org.apache.avro.Schema$EnumSchema,org.pitest.mutationtest.engine.gregor.mutators.NegateConditionalsMutator,<init>,1109,NO_COVERAGE,none
Schema.java,org.apache.avro.Schema$EnumSchema,org.pitest.mutationtest.engine.gregor.mutators.NegateConditionalsMutator,<init>,1109,NO_COVERAGE,none
Schema.java,org.apache.avro.Schema$EnumSchema,org.pitest.mutationtest.engine.gregor.mutators.MathMutator,computeHash,1152,NO_COVERAGE,none
Schema.java,org.apache.avro.Schema$EnumSchema,org.pitest.mutationtest.engine.gregor.mutators.returns.PrimitiveReturnsMutator,computeHash,1152,NO_COVERAGE,none
Schema.java,org.apache.avro.Schema$EnumSchema,org.pitest.mutationtest.engine.gregor.mutators.NegateConditionalsMutator,equals,1137,NO_COVERAGE,none
Schema.java,org.apache.avro.Schema$EnumSchema,org.pitest.mutationtest.engine.gregor.mutators.NegateConditionalsMutator,equals,1139,NO_COVERAGE,none
Schema.java,org.apache.avro.Schema$EnumSchema,org.pitest.mutationtest.engine.gregor.mutators.NegateConditionalsMutator,equals,1142,NO_COVERAGE,none
Schema.java,org.apache.avro.Schema$EnumSchema,org.pitest.mutationtest.engine.gregor.mutators.NegateConditionalsMutator,equals,1142,NO_COVERAGE,none
Schema.java,org.apache.avro.Schema$EnumSchema,org.pitest.mutationtest.engine.gregor.mutators.NegateConditionalsMutator,equals,1142,NO_COVERAGE,none
Schema.java,org.apache.avro.Schema$EnumSchema,org.pitest.mutationtest.engine.gregor.mutators.NegateConditionalsMutator,equals,1142,NO_COVERAGE,none
Schema.java,org.apache.avro.Schema$EnumSchema,org.pitest.mutationtest.engine.gregor.mutators.returns.BooleanFalseReturnValsMutator,equals,1138,NO_COVERAGE,none
Schema.java,org.apache.avro.Schema$EnumSchema,org.pitest.mutationtest.engine.gregor.mutators.returns.BooleanTrueReturnValsMutator,equals,1140,NO_COVERAGE,none
Schema.java,org.apache.avro.Schema$EnumSchema,org.pitest.mutationtest.engine.gregor.mutators.returns.BooleanTrueReturnValsMutator,equals,1142,NO_COVERAGE,none
Schema.java,org.apache.avro.Schema$EnumSchema,org.pitest.mutationtest.engine.gregor.mutators.returns.EmptyObjectReturnValsMutator,getEnumDefault,1147,NO_COVERAGE,none
Schema.java,org.apache.avro.Schema$EnumSchema,org.pitest.mutationtest.engine.gregor.mutators.NegateConditionalsMutator,getEnumOrdinal,1128,NO_COVERAGE,none
Schema.java,org.apache.avro.Schema$EnumSchema,org.pitest.mutationtest.engine.gregor.mutators.returns.PrimitiveReturnsMutator,getEnumOrdinal,1132,NO_COVERAGE,none
Schema.java,org.apache.avro.Schema$EnumSchema,org.pitest.mutationtest.engine.gregor.mutators.returns.EmptyObjectReturnValsMutator,getEnumSymbols,1117,NO_COVERAGE,none
Schema.java,org.apache.avro.Schema$EnumSchema,org.pitest.mutationtest.engine.gregor.mutators.returns.BooleanFalseReturnValsMutator,hasEnumSymbol,1122,NO_COVERAGE,none
Schema.java,org.apache.avro.Schema$EnumSchema,org.pitest.mutationtest.engine.gregor.mutators.returns.BooleanTrueReturnValsMutator,hasEnumSymbol,1122,NO_COVERAGE,none
Schema.java,org.apache.avro.Schema$EnumSchema,org.pitest.mutationtest.engine.gregor.mutators.NegateConditionalsMutator,toJson,1158,NO_COVERAGE,none
Schema.java,org.apache.avro.Schema$EnumSchema,org.pitest.mutationtest.engine.gregor.mutators.NegateConditionalsMutator,toJson,1163,NO_COVERAGE,none
Schema.java,org.apache.avro.Schema$EnumSchema,org.pitest.mutationtest.engine.gregor.mutators.NegateConditionalsMutator,toJson,1169,NO_COVERAGE,none
Schema.java,org.apache.avro.Schema$EnumSchema,org.pitest.mutationtest.engine.gregor.mutators.VoidMethodCallMutator,toJson,1160,NO_COVERAGE,none
Schema.java,org.apache.avro.Schema$EnumSchema,org.pitest.mutationtest.engine.gregor.mutators.VoidMethodCallMutator,toJson,1161,NO_COVERAGE,none
Schema.java,org.apache.avro.Schema$EnumSchema,org.pitest.mutationtest.engine.gregor.mutators.VoidMethodCallMutator,toJson,1162,NO_COVERAGE,none
Schema.java,org.apache.avro.Schema$EnumSchema,org.pitest.mutationtest.engine.gregor.mutators.VoidMethodCallMutator,toJson,1164,NO_COVERAGE,none
Schema.java,org.apache.avro.Schema$EnumSchema,org.pitest.mutationtest.engine.gregor.mutators.VoidMethodCallMutator,toJson,1165,NO_COVERAGE,none
Schema.java,org.apache.avro.Schema$EnumSchema,org.pitest.mutationtest.engine.gregor.mutators.VoidMethodCallMutator,toJson,1167,NO_COVERAGE,none
Schema.java,org.apache.avro.Schema$EnumSchema,org.pitest.mutationtest.engine.gregor.mutators.VoidMethodCallMutator,toJson,1168,NO_COVERAGE,none
Schema.java,org.apache.avro.Schema$EnumSchema,org.pitest.mutationtest.engine.gregor.mutators.VoidMethodCallMutator,toJson,1170,NO_COVERAGE,none
Schema.java,org.apache.avro.Schema$EnumSchema,org.pitest.mutationtest.engine.gregor.mutators.VoidMethodCallMutator,toJson,1171,NO_COVERAGE,none
Schema.java,org.apache.avro.Schema$EnumSchema,org.pitest.mutationtest.engine.gregor.mutators.VoidMethodCallMutator,toJson,1172,NO_COVERAGE,none
Schema.java,org.apache.avro.Schema$EnumSchema,org.pitest.mutationtest.engine.gregor.mutators.VoidMethodCallMutator,toJson,1173,NO_COVERAGE,none
Schema.java,org.apache.avro.Schema$Name,org.pitest.mutationtest.engine.gregor.mutators.ConditionalsBoundaryMutator,<init>,741,SURVIVED,none
Schema.java,org.apache.avro.Schema$Name,org.pitest.mutationtest.engine.gregor.mutators.MathMutator,<init>,745,NO_COVERAGE,none
Schema.java,org.apache.avro.Schema$Name,org.pitest.mutationtest.engine.gregor.mutators.NegateConditionalsMutator,<init>,736,KILLED,org.apache.avro.ISW2SchemaC2RNDTest.test14(org.apache.avro.ISW2SchemaC2RNDTest)
Schema.java,org.apache.avro.Schema$Name,org.pitest.mutationtest.engine.gregor.mutators.NegateConditionalsMutator,<init>,741,KILLED,org.apache.avro.ISW2SchemaC2RNDTest.test12(org.apache.avro.ISW2SchemaC2RNDTest)
Schema.java,org.apache.avro.Schema$Name,org.pitest.mutationtest.engine.gregor.mutators.NegateConditionalsMutator,<init>,747,NO_COVERAGE,none
Schema.java,org.apache.avro.Schema$Name,org.pitest.mutationtest.engine.gregor.mutators.NegateConditionalsMutator,<init>,750,NO_COVERAGE,none
Schema.java,org.apache.avro.Schema$Name,org.pitest.mutationtest.engine.gregor.mutators.NegateConditionalsMutator,equals,755,NO_COVERAGE,none
Schema.java,org.apache.avro.Schema$Name,org.pitest.mutationtest.engine.gregor.mutators.NegateConditionalsMutator,equals,757,NO_COVERAGE,none
Schema.java,org.apache.avro.Schema$Name,org.pitest.mutationtest.engine.gregor.mutators.returns.BooleanFalseReturnValsMutator,equals,756,NO_COVERAGE,none
Schema.java,org.apache.avro.Schema$Name,org.pitest.mutationtest.engine.gregor.mutators.returns.BooleanFalseReturnValsMutator,equals,760,NO_COVERAGE,none
Schema.java,org.apache.avro.Schema$Name,org.pitest.mutationtest.engine.gregor.mutators.returns.BooleanTrueReturnValsMutator,equals,758,NO_COVERAGE,none
Schema.java,org.apache.avro.Schema$Name,org.pitest.mutationtest.engine.gregor.mutators.returns.BooleanTrueReturnValsMutator,equals,760,NO_COVERAGE,none
Schema.java,org.apache.avro.Schema$Name,org.pitest.mutationtest.engine.gregor.mutators.NegateConditionalsMutator,getQualified,785,NO_COVERAGE,none
Schema.java,org.apache.avro.Schema$Name,org.pitest.mutationtest.engine.gregor.mutators.returns.EmptyObjectReturnValsMutator,getQualified,785,NO_COVERAGE,none
Schema.java,org.apache.avro.Schema$Name,org.pitest.mutationtest.engine.gregor.mutators.NegateConditionalsMutator,hashCode,765,NO_COVERAGE,none
Schema.java,org.apache.avro.Schema$Name,org.pitest.mutationtest.engine.gregor.mutators.returns.PrimitiveReturnsMutator,hashCode,765,NO_COVERAGE,none
Schema.java,org.apache.avro.Schema$Name,org.pitest.mutationtest.engine.gregor.mutators.NegateConditionalsMutator,shouldWriteFull,797,NO_COVERAGE,none
Schema.java,org.apache.avro.Schema$Name,org.pitest.mutationtest.engine.gregor.mutators.NegateConditionalsMutator,shouldWriteFull,797,NO_COVERAGE,none
Schema.java,org.apache.avro.Schema$Name,org.pitest.mutationtest.engine.gregor.mutators.NegateConditionalsMutator,shouldWriteFull,799,NO_COVERAGE,none
Schema.java,org.apache.avro.Schema$Name,org.pitest.mutationtest.engine.gregor.mutators.returns.BooleanFalseReturnValsMutator,shouldWriteFull,801,NO_COVERAGE,none
Schema.java,org.apache.avro.Schema$Name,org.pitest.mutationtest.engine.gregor.mutators.returns.BooleanFalseReturnValsMutator,shouldWriteFull,808,NO_COVERAGE,none
Schema.java,org.apache.avro.Schema$Name,org.pitest.mutationtest.engine.gregor.mutators.returns.BooleanTrueReturnValsMutator,shouldWriteFull,805,NO_COVERAGE,none
Schema.java,org.apache.avro.Schema$Name,org.pitest.mutationtest.engine.gregor.mutators.returns.EmptyObjectReturnValsMutator,toString,770,NO_COVERAGE,none
Schema.java,org.apache.avro.Schema$Name,org.pitest.mutationtest.engine.gregor.mutators.NegateConditionalsMutator,writeName,774,NO_COVERAGE,none
Schema.java,org.apache.avro.Schema$Name,org.pitest.mutationtest.engine.gregor.mutators.NegateConditionalsMutator,writeName,776,NO_COVERAGE,none
Schema.java,org.apache.avro.Schema$Name,org.pitest.mutationtest.engine.gregor.mutators.NegateConditionalsMutator,writeName,777,NO_COVERAGE,none
Schema.java,org.apache.avro.Schema$Name,org.pitest.mutationtest.engine.gregor.mutators.NegateConditionalsMutator,writeName,779,NO_COVERAGE,none
Schema.java,org.apache.avro.Schema$Name,org.pitest.mutationtest.engine.gregor.mutators.VoidMethodCallMutator,writeName,775,NO_COVERAGE,none
Schema.java,org.apache.avro.Schema$Name,org.pitest.mutationtest.engine.gregor.mutators.VoidMethodCallMutator,writeName,778,NO_COVERAGE,none
Schema.java,org.apache.avro.Schema$Name,org.pitest.mutationtest.engine.gregor.mutators.VoidMethodCallMutator,writeName,780,NO_COVERAGE,none
Schema.java,org.apache.avro.Schema$NamedSchema,org.pitest.mutationtest.engine.gregor.mutators.NegateConditionalsMutator,<init>,822,NO_COVERAGE,none
Schema.java,org.apache.avro.Schema$NamedSchema,org.pitest.mutationtest.engine.gregor.mutators.VoidMethodCallMutator,addAlias,849,NO_COVERAGE,none
Schema.java,org.apache.avro.Schema$NamedSchema,org.pitest.mutationtest.engine.gregor.mutators.NegateConditionalsMutator,addAlias,854,NO_COVERAGE,none
Schema.java,org.apache.avro.Schema$NamedSchema,org.pitest.mutationtest.engine.gregor.mutators.NegateConditionalsMutator,addAlias,856,NO_COVERAGE,none
Schema.java,org.apache.avro.Schema$NamedSchema,org.pitest.mutationtest.engine.gregor.mutators.NegateConditionalsMutator,aliasesToJson,895,NO_COVERAGE,none
Schema.java,org.apache.avro.Schema$NamedSchema,org.pitest.mutationtest.engine.gregor.mutators.NegateConditionalsMutator,aliasesToJson,895,NO_COVERAGE,none
Schema.java,org.apache.avro.Schema$NamedSchema,org.pitest.mutationtest.engine.gregor.mutators.VoidMethodCallMutator,aliasesToJson,897,NO_COVERAGE,none
Schema.java,org.apache.avro.Schema$NamedSchema,org.pitest.mutationtest.engine.gregor.mutators.VoidMethodCallMutator,aliasesToJson,898,NO_COVERAGE,none
Schema.java,org.apache.avro.Schema$NamedSchema,org.pitest.mutationtest.engine.gregor.mutators.VoidMethodCallMutator,aliasesToJson,900,NO_COVERAGE,none
Schema.java,org.apache.avro.Schema$NamedSchema,org.pitest.mutationtest.engine.gregor.mutators.VoidMethodCallMutator,aliasesToJson,901,NO_COVERAGE,none
Schema.java,org.apache.avro.Schema$NamedSchema,org.pitest.mutationtest.engine.gregor.mutators.MathMutator,computeHash,891,NO_COVERAGE,none
Schema.java,org.apache.avro.Schema$NamedSchema,org.pitest.mutationtest.engine.gregor.mutators.returns.PrimitiveReturnsMutator,computeHash,891,NO_COVERAGE,none
Schema.java,org.apache.avro.Schema$NamedSchema,org.pitest.mutationtest.engine.gregor.mutators.returns.BooleanFalseReturnValsMutator,equalNames,886,NO_COVERAGE,none
Schema.java,org.apache.avro.Schema$NamedSchema,org.pitest.mutationtest.engine.gregor.mutators.returns.BooleanTrueReturnValsMutator,equalNames,886,NO_COVERAGE,none
Schema.java,org.apache.avro.Schema$NamedSchema,org.pitest.mutationtest.engine.gregor.mutators.NegateConditionalsMutator,getAliases,864,NO_COVERAGE,none
Schema.java,org.apache.avro.Schema$NamedSchema,org.pitest.mutationtest.engine.gregor.mutators.NegateConditionalsMutator,getAliases,866,NO_COVERAGE,none
Schema.java,org.apache.avro.Schema$NamedSchema,org.pitest.mutationtest.engine.gregor.mutators.NegateConditionalsMutator,getAliases,866,NO_COVERAGE,none
Schema.java,org.apache.avro.Schema$NamedSchema,org.pitest.mutationtest.engine.gregor.mutators.returns.EmptyObjectReturnValsMutator,getAliases,870,NO_COVERAGE,none
Schema.java,org.apache.avro.Schema$NamedSchema,org.pitest.mutationtest.engine.gregor.mutators.returns.EmptyObjectReturnValsMutator,getDoc,834,NO_COVERAGE,none
Schema.java,org.apache.avro.Schema$NamedSchema,org.pitest.mutationtest.engine.gregor.mutators.returns.EmptyObjectReturnValsMutator,getFullName,844,NO_COVERAGE,none
Schema.java,org.apache.avro.Schema$NamedSchema,org.pitest.mutationtest.engine.gregor.mutators.returns.EmptyObjectReturnValsMutator,getName,829,NO_COVERAGE,none
Schema.java,org.apache.avro.Schema$NamedSchema,org.pitest.mutationtest.engine.gregor.mutators.returns.EmptyObjectReturnValsMutator,getNamespace,839,NO_COVERAGE,none
Schema.java,org.apache.avro.Schema$NamedSchema,org.pitest.mutationtest.engine.gregor.mutators.VoidMethodCallMutator,writeName,882,NO_COVERAGE,none
Schema.java,org.apache.avro.Schema$NamedSchema,org.pitest.mutationtest.engine.gregor.mutators.NegateConditionalsMutator,writeNameRef,874,NO_COVERAGE,none
Schema.java,org.apache.avro.Schema$NamedSchema,org.pitest.mutationtest.engine.gregor.mutators.NegateConditionalsMutator,writeNameRef,874,NO_COVERAGE,none
Schema.java,org.apache.avro.Schema$NamedSchema,org.pitest.mutationtest.engine.gregor.mutators.VoidMethodCallMutator,writeNameRef,875,NO_COVERAGE,none
Schema.java,org.apache.avro.Schema$NamedSchema,org.pitest.mutationtest.engine.gregor.mutators.returns.BooleanFalseReturnValsMutator,writeNameRef,876,NO_COVERAGE,none
Schema.java,org.apache.avro.Schema$NamedSchema,org.pitest.mutationtest.engine.gregor.mutators.returns.BooleanTrueReturnValsMutator,writeNameRef,878,NO_COVERAGE,none
Schema.java,org.apache.avro.Schema$Parser,org.pitest.mutationtest.engine.gregor.mutators.NegateConditionalsMutator,<init>,1448,KILLED,org.apache.avro.ISW2SchemaC2RNDTest.test29(org.apache.avro.ISW2SchemaC2RNDTest)
Schema.java,org.apache.avro.Schema$Parser,org.pitest.mutationtest.engine.gregor.mutators.VoidMethodCallMutator,addTypes,1474,NO_COVERAGE,none
Schema.java,org.apache.avro.Schema$Parser,org.pitest.mutationtest.engine.gregor.mutators.returns.NullReturnValsMutator,addTypes,1475,KILLED,org.apache.avro.ISW2SchemaC2RNDTest.test69(org.apache.avro.ISW2SchemaC2RNDTest)
Schema.java,org.apache.avro.Schema$Parser,org.pitest.mutationtest.engine.gregor.mutators.returns.NullReturnValsMutator,addTypes,1465,NO_COVERAGE,none
Schema.java,org.apache.avro.Schema$Parser,org.pitest.mutationtest.engine.gregor.mutators.returns.EmptyObjectReturnValsMutator,getTypes,1480,NO_COVERAGE,none
Schema.java,org.apache.avro.Schema$Parser,org.pitest.mutationtest.engine.gregor.mutators.returns.BooleanFalseReturnValsMutator,getValidateDefaults,1491,NO_COVERAGE,none
Schema.java,org.apache.avro.Schema$Parser,org.pitest.mutationtest.engine.gregor.mutators.returns.BooleanTrueReturnValsMutator,getValidateDefaults,1491,NO_COVERAGE,none
Schema.java,org.apache.avro.Schema$Parser,org.pitest.mutationtest.engine.gregor.mutators.NegateConditionalsMutator,parse,1549,NO_COVERAGE,none
Schema.java,org.apache.avro.Schema$Parser,org.pitest.mutationtest.engine.gregor.mutators.NegateConditionalsMutator,parse,1553,NO_COVERAGE,none
Schema.java,org.apache.avro.Schema$Parser,org.pitest.mutationtest.engine.gregor.mutators.NegateConditionalsMutator,parse,1557,NO_COVERAGE,none
Schema.java,org.apache.avro.Schema$Parser,org.pitest.mutationtest.engine.gregor.mutators.NegateConditionalsMutator,parse,1564,NO_COVERAGE,none
Schema.java,org.apache.avro.Schema$Parser,org.pitest.mutationtest.engine.gregor.mutators.VoidMethodCallMutator,parse,1545,NO_COVERAGE,none
Schema.java,org.apache.avro.Schema$Parser,org.pitest.mutationtest.engine.gregor.mutators.VoidMethodCallMutator,parse,1546,NO_COVERAGE,none
Schema.java,org.apache.avro.Schema$Parser,org.pitest.mutationtest.engine.gregor.mutators.VoidMethodCallMutator,parse,1550,NO_COVERAGE,none
Schema.java,org.apache.avro.Schema$Parser,org.pitest.mutationtest.engine.gregor.mutators.VoidMethodCallMutator,parse,1572,NO_COVERAGE,none
Schema.java,org.apache.avro.Schema$Parser,org.pitest.mutationtest.engine.gregor.mutators.VoidMethodCallMutator,parse,1573,NO_COVERAGE,none
Schema.java,org.apache.avro.Schema$Parser,org.pitest.mutationtest.engine.gregor.mutators.VoidMethodCallMutator,parse,1574,NO_COVERAGE,none
Schema.java,org.apache.avro.Schema$Parser,org.pitest.mutationtest.engine.gregor.mutators.returns.NullReturnValsMutator,parse,1568,NO_COVERAGE,none
Schema.java,org.apache.avro.Schema$Parser,org.pitest.mutationtest.engine.gregor.mutators.returns.NullReturnValsMutator,parse,1499,NO_COVERAGE,none
Schema.java,org.apache.avro.Schema$Parser,org.pitest.mutationtest.engine.gregor.mutators.returns.NullReturnValsMutator,parse,1508,NO_COVERAGE,none
Schema.java,org.apache.avro.Schema$Parser,org.pitest.mutationtest.engine.gregor.mutators.returns.NullReturnValsMutator,parse,1525,NO_COVERAGE,none
Schema.java,org.apache.avro.Schema$Parser,org.pitest.mutationtest.engine.gregor.mutators.returns.NullReturnValsMutator,parse,1516,NO_COVERAGE,none
Schema.java,org.apache.avro.Schema$Parser,org.pitest.mutationtest.engine.gregor.mutators.returns.NullReturnValsMutator,parseInternal,1533,NO_COVERAGE,none
Schema.java,org.apache.avro.Schema$Parser,org.pitest.mutationtest.engine.gregor.mutators.returns.NullReturnValsMutator,setValidateDefaults,1486,KILLED,org.apache.avro.ISW2SchemaC2RNDTest.test69(org.apache.avro.ISW2SchemaC2RNDTest)
Schema.java,org.apache.avro.Schema$UnionSchema,org.pitest.mutationtest.engine.gregor.mutators.IncrementsMutator,<init>,1274,NO_COVERAGE,none
Schema.java,org.apache.avro.Schema$UnionSchema,org.pitest.mutationtest.engine.gregor.mutators.NegateConditionalsMutator,<init>,1267,NO_COVERAGE,none
Schema.java,org.apache.avro.Schema$UnionSchema,org.pitest.mutationtest.engine.gregor.mutators.NegateConditionalsMutator,<init>,1271,NO_COVERAGE,none
Schema.java,org.apache.avro.Schema$UnionSchema,org.pitest.mutationtest.engine.gregor.mutators.NegateConditionalsMutator,<init>,1274,NO_COVERAGE,none
Schema.java,org.apache.avro.Schema$UnionSchema,org.pitest.mutationtest.engine.gregor.mutators.MathMutator,computeHash,1314,NO_COVERAGE,none
Schema.java,org.apache.avro.Schema$UnionSchema,org.pitest.mutationtest.engine.gregor.mutators.returns.PrimitiveReturnsMutator,computeHash,1315,NO_COVERAGE,none
Schema.java,org.apache.avro.Schema$UnionSchema,org.pitest.mutationtest.engine.gregor.mutators.NegateConditionalsMutator,equals,1302,NO_COVERAGE,none
Schema.java,org.apache.avro.Schema$UnionSchema,org.pitest.mutationtest.engine.gregor.mutators.NegateConditionalsMutator,equals,1304,NO_COVERAGE,none
Schema.java,org.apache.avro.Schema$UnionSchema,org.pitest.mutationtest.engine.gregor.mutators.NegateConditionalsMutator,equals,1307,NO_COVERAGE,none
Schema.java,org.apache.avro.Schema$UnionSchema,org.pitest.mutationtest.engine.gregor.mutators.NegateConditionalsMutator,equals,1307,NO_COVERAGE,none
Schema.java,org.apache.avro.Schema$UnionSchema,org.pitest.mutationtest.engine.gregor.mutators.NegateConditionalsMutator,equals,1307,NO_COVERAGE,none
Schema.java,org.apache.avro.Schema$UnionSchema,org.pitest.mutationtest.engine.gregor.mutators.returns.BooleanFalseReturnValsMutator,equals,1303,NO_COVERAGE,none
Schema.java,org.apache.avro.Schema$UnionSchema,org.pitest.mutationtest.engine.gregor.mutators.returns.BooleanTrueReturnValsMutator,equals,1305,NO_COVERAGE,none
Schema.java,org.apache.avro.Schema$UnionSchema,org.pitest.mutationtest.engine.gregor.mutators.returns.BooleanTrueReturnValsMutator,equals,1307,NO_COVERAGE,none
Schema.java,org.apache.avro.Schema$UnionSchema,org.pitest.mutationtest.engine.gregor.mutators.returns.EmptyObjectReturnValsMutator,getIndexNamed,1297,NO_COVERAGE,none
Schema.java,org.apache.avro.Schema$UnionSchema,org.pitest.mutationtest.engine.gregor.mutators.returns.EmptyObjectReturnValsMutator,getName,1334,NO_COVERAGE,none
Schema.java,org.apache.avro.Schema$UnionSchema,org.pitest.mutationtest.engine.gregor.mutators.returns.EmptyObjectReturnValsMutator,getTypes,1292,NO_COVERAGE,none
Schema.java,org.apache.avro.Schema$UnionSchema,org.pitest.mutationtest.engine.gregor.mutators.returns.BooleanFalseReturnValsMutator,isValidDefault,1287,NO_COVERAGE,none
Schema.java,org.apache.avro.Schema$UnionSchema,org.pitest.mutationtest.engine.gregor.mutators.returns.BooleanTrueReturnValsMutator,isValidDefault,1287,NO_COVERAGE,none
Schema.java,org.apache.avro.Schema$UnionSchema,org.pitest.mutationtest.engine.gregor.mutators.returns.BooleanFalseReturnValsMutator,lambda$isValidDefault$0,1287,NO_COVERAGE,none
Schema.java,org.apache.avro.Schema$UnionSchema,org.pitest.mutationtest.engine.gregor.mutators.returns.BooleanTrueReturnValsMutator,lambda$isValidDefault$0,1287,NO_COVERAGE,none
Schema.java,org.apache.avro.Schema$UnionSchema,org.pitest.mutationtest.engine.gregor.mutators.VoidMethodCallMutator,toJson,1326,NO_COVERAGE,none
Schema.java,org.apache.avro.Schema$UnionSchema,org.pitest.mutationtest.engine.gregor.mutators.VoidMethodCallMutator,toJson,1328,NO_COVERAGE,none
Schema.java,org.apache.avro.Schema$UnionSchema,org.pitest.mutationtest.engine.gregor.mutators.VoidMethodCallMutator,toJson,1329,NO_COVERAGE,none
Schema.java,org.apache.avro.Schema$LockableArrayList,org.pitest.mutationtest.engine.gregor.mutators.VoidMethodCallMutator,add,2250,SURVIVED,none
Schema.java,org.apache.avro.Schema$LockableArrayList,org.pitest.mutationtest.engine.gregor.mutators.returns.BooleanFalseReturnValsMutator,add,2251,SURVIVED,none
Schema.java,org.apache.avro.Schema$LockableArrayList,org.pitest.mutationtest.engine.gregor.mutators.returns.BooleanTrueReturnValsMutator,add,2251,SURVIVED,none
Schema.java,org.apache.avro.Schema$LockableArrayList,org.pitest.mutationtest.engine.gregor.mutators.VoidMethodCallMutator,addAll,2274,NO_COVERAGE,none
Schema.java,org.apache.avro.Schema$LockableArrayList,org.pitest.mutationtest.engine.gregor.mutators.returns.BooleanFalseReturnValsMutator,addAll,2275,NO_COVERAGE,none
Schema.java,org.apache.avro.Schema$LockableArrayList,org.pitest.mutationtest.engine.gregor.mutators.returns.BooleanTrueReturnValsMutator,addAll,2275,NO_COVERAGE,none
Schema.java,org.apache.avro.Schema$LockableArrayList,org.pitest.mutationtest.engine.gregor.mutators.VoidMethodCallMutator,addAll,2268,NO_COVERAGE,none
Schema.java,org.apache.avro.Schema$LockableArrayList,org.pitest.mutationtest.engine.gregor.mutators.returns.BooleanFalseReturnValsMutator,addAll,2269,NO_COVERAGE,none
Schema.java,org.apache.avro.Schema$LockableArrayList,org.pitest.mutationtest.engine.gregor.mutators.returns.BooleanTrueReturnValsMutator,addAll,2269,NO_COVERAGE,none
Schema.java,org.apache.avro.Schema$LockableArrayList,org.pitest.mutationtest.engine.gregor.mutators.VoidMethodCallMutator,clear,2292,NO_COVERAGE,none
Schema.java,org.apache.avro.Schema$LockableArrayList,org.pitest.mutationtest.engine.gregor.mutators.VoidMethodCallMutator,clear,2293,NO_COVERAGE,none
Schema.java,org.apache.avro.Schema$LockableArrayList,org.pitest.mutationtest.engine.gregor.mutators.NegateConditionalsMutator,ensureUnlocked,2243,KILLED,org.apache.avro.ISW2SchemaC2RNDTest.test18(org.apache.avro.ISW2SchemaC2RNDTest)
Schema.java,org.apache.avro.Schema$LockableArrayList,org.pitest.mutationtest.engine.gregor.mutators.returns.EmptyObjectReturnValsMutator,lock,2239,SURVIVED,none
Schema.java,org.apache.avro.Schema$LockableArrayList,org.pitest.mutationtest.engine.gregor.mutators.VoidMethodCallMutator,remove,2262,NO_COVERAGE,none
Schema.java,org.apache.avro.Schema$LockableArrayList,org.pitest.mutationtest.engine.gregor.mutators.returns.NullReturnValsMutator,remove,2263,NO_COVERAGE,none
Schema.java,org.apache.avro.Schema$LockableArrayList,org.pitest.mutationtest.engine.gregor.mutators.VoidMethodCallMutator,remove,2256,NO_COVERAGE,none
Schema.java,org.apache.avro.Schema$LockableArrayList,org.pitest.mutationtest.engine.gregor.mutators.returns.BooleanFalseReturnValsMutator,remove,2257,NO_COVERAGE,none
Schema.java,org.apache.avro.Schema$LockableArrayList,org.pitest.mutationtest.engine.gregor.mutators.returns.BooleanTrueReturnValsMutator,remove,2257,NO_COVERAGE,none
Schema.java,org.apache.avro.Schema$LockableArrayList,org.pitest.mutationtest.engine.gregor.mutators.VoidMethodCallMutator,removeAll,2280,NO_COVERAGE,none
Schema.java,org.apache.avro.Schema$LockableArrayList,org.pitest.mutationtest.engine.gregor.mutators.returns.BooleanFalseReturnValsMutator,removeAll,2281,NO_COVERAGE,none
Schema.java,org.apache.avro.Schema$LockableArrayList,org.pitest.mutationtest.engine.gregor.mutators.returns.BooleanTrueReturnValsMutator,removeAll,2281,NO_COVERAGE,none
Schema.java,org.apache.avro.Schema$LockableArrayList,org.pitest.mutationtest.engine.gregor.mutators.VoidMethodCallMutator,retainAll,2286,NO_COVERAGE,none
Schema.java,org.apache.avro.Schema$LockableArrayList,org.pitest.mutationtest.engine.gregor.mutators.returns.BooleanFalseReturnValsMutator,retainAll,2287,NO_COVERAGE,none
Schema.java,org.apache.avro.Schema$LockableArrayList,org.pitest.mutationtest.engine.gregor.mutators.returns.BooleanTrueReturnValsMutator,retainAll,2287,NO_COVERAGE,none
Schema.java,org.apache.avro.Schema$FixedSchema,org.pitest.mutationtest.engine.gregor.mutators.MathMutator,computeHash,1365,NO_COVERAGE,none
Schema.java,org.apache.avro.Schema$FixedSchema,org.pitest.mutationtest.engine.gregor.mutators.returns.PrimitiveReturnsMutator,computeHash,1365,NO_COVERAGE,none
Schema.java,org.apache.avro.Schema$FixedSchema,org.pitest.mutationtest.engine.gregor.mutators.NegateConditionalsMutator,equals,1355,NO_COVERAGE,none
Schema.java,org.apache.avro.Schema$FixedSchema,org.pitest.mutationtest.engine.gregor.mutators.NegateConditionalsMutator,equals,1357,NO_COVERAGE,none
Schema.java,org.apache.avro.Schema$FixedSchema,org.pitest.mutationtest.engine.gregor.mutators.NegateConditionalsMutator,equals,1360,NO_COVERAGE,none
Schema.java,org.apache.avro.Schema$FixedSchema,org.pitest.mutationtest.engine.gregor.mutators.NegateConditionalsMutator,equals,1360,NO_COVERAGE,none
Schema.java,org.apache.avro.Schema$FixedSchema,org.pitest.mutationtest.engine.gregor.mutators.NegateConditionalsMutator,equals,1360,NO_COVERAGE,none
Schema.java,org.apache.avro.Schema$FixedSchema,org.pitest.mutationtest.engine.gregor.mutators.NegateConditionalsMutator,equals,1360,NO_COVERAGE,none
Schema.java,org.apache.avro.Schema$FixedSchema,org.pitest.mutationtest.engine.gregor.mutators.returns.BooleanFalseReturnValsMutator,equals,1356,NO_COVERAGE,none
Schema.java,org.apache.avro.Schema$FixedSchema,org.pitest.mutationtest.engine.gregor.mutators.returns.BooleanTrueReturnValsMutator,equals,1358,NO_COVERAGE,none
Schema.java,org.apache.avro.Schema$FixedSchema,org.pitest.mutationtest.engine.gregor.mutators.returns.BooleanTrueReturnValsMutator,equals,1360,NO_COVERAGE,none
Schema.java,org.apache.avro.Schema$FixedSchema,org.pitest.mutationtest.engine.gregor.mutators.returns.PrimitiveReturnsMutator,getFixedSize,1350,NO_COVERAGE,none
Schema.java,org.apache.avro.Schema$FixedSchema,org.pitest.mutationtest.engine.gregor.mutators.NegateConditionalsMutator,toJson,1371,NO_COVERAGE,none
Schema.java,org.apache.avro.Schema$FixedSchema,org.pitest.mutationtest.engine.gregor.mutators.NegateConditionalsMutator,toJson,1376,NO_COVERAGE,none
Schema.java,org.apache.avro.Schema$FixedSchema,org.pitest.mutationtest.engine.gregor.mutators.VoidMethodCallMutator,toJson,1373,NO_COVERAGE,none
Schema.java,org.apache.avro.Schema$FixedSchema,org.pitest.mutationtest.engine.gregor.mutators.VoidMethodCallMutator,toJson,1374,NO_COVERAGE,none
Schema.java,org.apache.avro.Schema$FixedSchema,org.pitest.mutationtest.engine.gregor.mutators.VoidMethodCallMutator,toJson,1375,NO_COVERAGE,none
Schema.java,org.apache.avro.Schema$FixedSchema,org.pitest.mutationtest.engine.gregor.mutators.VoidMethodCallMutator,toJson,1377,NO_COVERAGE,none
Schema.java,org.apache.avro.Schema$FixedSchema,org.pitest.mutationtest.engine.gregor.mutators.VoidMethodCallMutator,toJson,1378,NO_COVERAGE,none
Schema.java,org.apache.avro.Schema$FixedSchema,org.pitest.mutationtest.engine.gregor.mutators.VoidMethodCallMutator,toJson,1379,NO_COVERAGE,none
Schema.java,org.apache.avro.Schema$FixedSchema,org.pitest.mutationtest.engine.gregor.mutators.VoidMethodCallMutator,toJson,1380,NO_COVERAGE,none
Schema.java,org.apache.avro.Schema$FixedSchema,org.pitest.mutationtest.engine.gregor.mutators.VoidMethodCallMutator,toJson,1381,NO_COVERAGE,none
Schema.java,org.apache.avro.Schema$MapSchema,org.pitest.mutationtest.engine.gregor.mutators.MathMutator,computeHash,1242,NO_COVERAGE,none
Schema.java,org.apache.avro.Schema$MapSchema,org.pitest.mutationtest.engine.gregor.mutators.returns.PrimitiveReturnsMutator,computeHash,1242,NO_COVERAGE,none
Schema.java,org.apache.avro.Schema$MapSchema,org.pitest.mutationtest.engine.gregor.mutators.NegateConditionalsMutator,equals,1232,KILLED,org.apache.avro.ISW2SchemaC2RNDTest.test26(org.apache.avro.ISW2SchemaC2RNDTest)
Schema.java,org.apache.avro.Schema$MapSchema,org.pitest.mutationtest.engine.gregor.mutators.NegateConditionalsMutator,equals,1234,SURVIVED,none
Schema.java,org.apache.avro.Schema$MapSchema,org.pitest.mutationtest.engine.gregor.mutators.NegateConditionalsMutator,equals,1237,SURVIVED,none
Schema.java,org.apache.avro.Schema$MapSchema,org.pitest.mutationtest.engine.gregor.mutators.NegateConditionalsMutator,equals,1237,NO_COVERAGE,none
Schema.java,org.apache.avro.Schema$MapSchema,org.pitest.mutationtest.engine.gregor.mutators.NegateConditionalsMutator,equals,1237,NO_COVERAGE,none
Schema.java,org.apache.avro.Schema$MapSchema,org.pitest.mutationtest.engine.gregor.mutators.returns.BooleanFalseReturnValsMutator,equals,1233,NO_COVERAGE,none
Schema.java,org.apache.avro.Schema$MapSchema,org.pitest.mutationtest.engine.gregor.mutators.returns.BooleanTrueReturnValsMutator,equals,1235,NO_COVERAGE,none
Schema.java,org.apache.avro.Schema$MapSchema,org.pitest.mutationtest.engine.gregor.mutators.returns.BooleanTrueReturnValsMutator,equals,1237,NO_COVERAGE,none
Schema.java,org.apache.avro.Schema$MapSchema,org.pitest.mutationtest.engine.gregor.mutators.returns.NullReturnValsMutator,getValueType,1227,NO_COVERAGE,none
Schema.java,org.apache.avro.Schema$MapSchema,org.pitest.mutationtest.engine.gregor.mutators.VoidMethodCallMutator,toJson,1248,KILLED,org.apache.avro.ISW2SchemaC2RNDTest.test27(org.apache.avro.ISW2SchemaC2RNDTest)
Schema.java,org.apache.avro.Schema$MapSchema,org.pitest.mutationtest.engine.gregor.mutators.VoidMethodCallMutator,toJson,1249,SURVIVED,none
Schema.java,org.apache.avro.Schema$MapSchema,org.pitest.mutationtest.engine.gregor.mutators.VoidMethodCallMutator,toJson,1250,SURVIVED,none
Schema.java,org.apache.avro.Schema$MapSchema,org.pitest.mutationtest.engine.gregor.mutators.VoidMethodCallMutator,toJson,1251,KILLED,org.apache.avro.ISW2SchemaC2RNDTest.test27(org.apache.avro.ISW2SchemaC2RNDTest)
Schema.java,org.apache.avro.Schema$MapSchema,org.pitest.mutationtest.engine.gregor.mutators.VoidMethodCallMutator,toJson,1252,NO_COVERAGE,none
Schema.java,org.apache.avro.Schema$MapSchema,org.pitest.mutationtest.engine.gregor.mutators.VoidMethodCallMutator,toJson,1253,NO_COVERAGE,none
Schema.java,org.apache.avro.Schema$ArraySchema,org.pitest.mutationtest.engine.gregor.mutators.MathMutator,computeHash,1202,NO_COVERAGE,none
Schema.java,org.apache.avro.Schema$ArraySchema,org.pitest.mutationtest.engine.gregor.mutators.returns.PrimitiveReturnsMutator,computeHash,1202,NO_COVERAGE,none
Schema.java,org.apache.avro.Schema$ArraySchema,org.pitest.mutationtest.engine.gregor.mutators.NegateConditionalsMutator,equals,1192,NO_COVERAGE,none
Schema.java,org.apache.avro.Schema$ArraySchema,org.pitest.mutationtest.engine.gregor.mutators.NegateConditionalsMutator,equals,1194,NO_COVERAGE,none
Schema.java,org.apache.avro.Schema$ArraySchema,org.pitest.mutationtest.engine.gregor.mutators.NegateConditionalsMutator,equals,1197,NO_COVERAGE,none
Schema.java,org.apache.avro.Schema$ArraySchema,org.pitest.mutationtest.engine.gregor.mutators.NegateConditionalsMutator,equals,1197,NO_COVERAGE,none
Schema.java,org.apache.avro.Schema$ArraySchema,org.pitest.mutationtest.engine.gregor.mutators.NegateConditionalsMutator,equals,1197,NO_COVERAGE,none
Schema.java,org.apache.avro.Schema$ArraySchema,org.pitest.mutationtest.engine.gregor.mutators.returns.BooleanFalseReturnValsMutator,equals,1193,NO_COVERAGE,none
Schema.java,org.apache.avro.Schema$ArraySchema,org.pitest.mutationtest.engine.gregor.mutators.returns.BooleanTrueReturnValsMutator,equals,1195,NO_COVERAGE,none
Schema.java,org.apache.avro.Schema$ArraySchema,org.pitest.mutationtest.engine.gregor.mutators.returns.BooleanTrueReturnValsMutator,equals,1197,NO_COVERAGE,none
Schema.java,org.apache.avro.Schema$ArraySchema,org.pitest.mutationtest.engine.gregor.mutators.returns.NullReturnValsMutator,getElementType,1187,NO_COVERAGE,none
Schema.java,org.apache.avro.Schema$ArraySchema,org.pitest.mutationtest.engine.gregor.mutators.VoidMethodCallMutator,toJson,1208,NO_COVERAGE,none
Schema.java,org.apache.avro.Schema$ArraySchema,org.pitest.mutationtest.engine.gregor.mutators.VoidMethodCallMutator,toJson,1209,NO_COVERAGE,none
Schema.java,org.apache.avro.Schema$ArraySchema,org.pitest.mutationtest.engine.gregor.mutators.VoidMethodCallMutator,toJson,1210,NO_COVERAGE,none
Schema.java,org.apache.avro.Schema$ArraySchema,org.pitest.mutationtest.engine.gregor.mutators.VoidMethodCallMutator,toJson,1211,NO_COVERAGE,none
Schema.java,org.apache.avro.Schema$ArraySchema,org.pitest.mutationtest.engine.gregor.mutators.VoidMethodCallMutator,toJson,1212,NO_COVERAGE,none
Schema.java,org.apache.avro.Schema$ArraySchema,org.pitest.mutationtest.engine.gregor.mutators.VoidMethodCallMutator,toJson,1213,NO_COVERAGE,none
Schema.java,org.apache.avro.Schema$Names,org.pitest.mutationtest.engine.gregor.mutators.NegateConditionalsMutator,contains,1676,NO_COVERAGE,none
Schema.java,org.apache.avro.Schema$Names,org.pitest.mutationtest.engine.gregor.mutators.returns.BooleanTrueReturnValsMutator,contains,1676,NO_COVERAGE,none
Schema.java,org.apache.avro.Schema$Names,org.pitest.mutationtest.engine.gregor.mutators.NegateConditionalsMutator,get,1664,NO_COVERAGE,none
Schema.java,org.apache.avro.Schema$Names,org.pitest.mutationtest.engine.gregor.mutators.NegateConditionalsMutator,get,1668,NO_COVERAGE,none
Schema.java,org.apache.avro.Schema$Names,org.pitest.mutationtest.engine.gregor.mutators.returns.NullReturnValsMutator,get,1665,NO_COVERAGE,none
Schema.java,org.apache.avro.Schema$Names,org.pitest.mutationtest.engine.gregor.mutators.returns.NullReturnValsMutator,get,1672,NO_COVERAGE,none
Schema.java,org.apache.avro.Schema$Names,org.pitest.mutationtest.engine.gregor.mutators.NegateConditionalsMutator,put,1685,NO_COVERAGE,none
Schema.java,org.apache.avro.Schema$Names,org.pitest.mutationtest.engine.gregor.mutators.NegateConditionalsMutator,put,1687,NO_COVERAGE,none
Schema.java,org.apache.avro.Schema$Names,org.pitest.mutationtest.engine.gregor.mutators.returns.NullReturnValsMutator,put,1690,NO_COVERAGE,none
Schema.java,org.apache.avro.Schema$Names,org.pitest.mutationtest.engine.gregor.mutators.returns.NullReturnValsMutator,put,1693,NO_COVERAGE,none
Schema.java,org.apache.avro.Schema$Names,org.pitest.mutationtest.engine.gregor.mutators.returns.EmptyObjectReturnValsMutator,space,1655,NO_COVERAGE,none
Schema.java,org.apache.avro.Schema$SeenPair,org.pitest.mutationtest.engine.gregor.mutators.NegateConditionalsMutator,equals,920,NO_COVERAGE,none
Schema.java,org.apache.avro.Schema$SeenPair,org.pitest.mutationtest.engine.gregor.mutators.NegateConditionalsMutator,equals,922,NO_COVERAGE,none
Schema.java,org.apache.avro.Schema$SeenPair,org.pitest.mutationtest.engine.gregor.mutators.NegateConditionalsMutator,equals,922,NO_COVERAGE,none
Schema.java,org.apache.avro.Schema$SeenPair,org.pitest.mutationtest.engine.gregor.mutators.returns.BooleanTrueReturnValsMutator,equals,921,NO_COVERAGE,none
Schema.java,org.apache.avro.Schema$SeenPair,org.pitest.mutationtest.engine.gregor.mutators.returns.BooleanTrueReturnValsMutator,equals,922,NO_COVERAGE,none
Schema.java,org.apache.avro.Schema$SeenPair,org.pitest.mutationtest.engine.gregor.mutators.MathMutator,hashCode,927,NO_COVERAGE,none
Schema.java,org.apache.avro.Schema$SeenPair,org.pitest.mutationtest.engine.gregor.mutators.returns.PrimitiveReturnsMutator,hashCode,927,NO_COVERAGE,none
Schema.java,org.apache.avro.Schema$Field$1,org.pitest.mutationtest.engine.gregor.mutators.returns.NullReturnValsMutator,createField,549,NO_COVERAGE,none
Schema.java,org.apache.avro.Schema$Field$1,org.pitest.mutationtest.engine.gregor.mutators.returns.NullReturnValsMutator,createField,555,NO_COVERAGE,none
Schema.java,org.apache.avro.Schema$Field$1,org.pitest.mutationtest.engine.gregor.mutators.returns.NullReturnValsMutator,defaultValue,544,NO_COVERAGE,none
Schema.java,org.apache.avro.Schema$SerializableSchema,org.pitest.mutationtest.engine.gregor.mutators.returns.NullReturnValsMutator,readResolve,116,NO_COVERAGE,none
Schema.java,org.apache.avro.Schema$Type,org.pitest.mutationtest.engine.gregor.mutators.returns.EmptyObjectReturnValsMutator,getName,150,NO_COVERAGE,none
